"scenario_id","sensitivity_id","scenario_id.no_pandemic","scenario_id.no_screening","pop_screening_id","months_delay","screening","pop_id","no_screen_counterfactual","no_pandemic_counterfactual","scenario_order","any_delays","birth_date","age","screening_pre_pandemic","screening_pre_pandemic_meaning","screening_post_pandemic","scenario","COL_sens","months_delay.no_pandemic","LY_CRCSPIN","LY_MISCAN","LY_no_screening_CRCSPIN","LY_no_screening_MISCAN","LY_no_pandemic_CRCSPIN","LY_no_pandemic_MISCAN","n_crc_dth_CRCSPIN","n_crc_dth_MISCAN","n_oc_dth_CRCSPIN","n_oc_dth_MISCAN","n_crc_dth_no_screening_CRCSPIN","n_crc_dth_no_screening_MISCAN","n_oc_dth_no_screening_CRCSPIN","n_oc_dth_no_screening_MISCAN","n_crc_dth_no_pandemic_CRCSPIN","n_crc_dth_no_pandemic_MISCAN","n_oc_dth_no_pandemic_CRCSPIN","n_oc_dth_no_pandemic_MISCAN","LYG_no_pandemic_CRCSPIN","LYG_no_pandemic_MISCAN","LYG_screening_CRCSPIN","LYG_screening_MISCAN","LY_lost_pandemic_CRCSPIN","LY_lost_pandemic_MISCAN","perc_LYG_loss_CRCSPIN","perc_LYG_loss_MISCAN","mean_LY_lost","max_LY_lost","min_LY_lost"
121,2,119,3,25,9,TRUE,3,3,25,25,TRUE,1950-04-01,70,"F","Annual FIT from age 50 to 69","F","F70 | F9m","Low",0,15871.5471543035,15577.7267501345,15638.097045407,15371.7067404072,15872.1862021007,15577.5226434015,9.58032878722391,8.49227948674118,990.416172937365,967.710776253791,25.2302860419173,23.278429937663,969.234839107679,949.110015175703,9.55994228569354,8.56312936131629,990.475643619345,967.65836675753,234.089156693688,205.815902994391,233.450108896477,206.020009727301,0.639047797210878,-0.204106732910077,0.272993335631983,-0.0991695636442824,0.217470532150401,0.639047797210878,-0.204106732910077
120,2,119,3,25,3,TRUE,3,3,25,25,TRUE,1950-04-01,70,"F","Annual FIT from age 50 to 69","F","F70 | F3m","Low",0,15871.4071562923,15577.4219852082,15637.7801321668,15371.609767831,15871.8645449359,15577.4243724336,9.60003821486865,8.56319665823631,990.397307974809,967.644983223608,25.2297747385484,23.2782830854392,969.21519711719,949.104027705038,9.55974854905936,8.56307534072327,990.455571174168,967.65226227439,234.084412769094,205.814604602567,233.627024125482,205.812217377206,0.457388643611921,0.00238722536050773,0.195394745938551,0.0011598911384921,0.229887934486214,0.457388643611921,0.00238722536050773
51,1,50,3,21,3,TRUE,3,3,21,21,TRUE,1950-04-01,70,"C","Colonoscopies at age 50 and 60","C","C70 | C3m","High",0,15905.0889667819,15596.3970438841,15621.1150306855,15365.9781336657,15905.1528824142,15597.007672862,5.34859752800733,5.82147100833946,994.648269493064,970.17761895857,25.2028874979801,23.2697547155213,968.182309489877,948.756308321734,5.378722325403,5.75913665218909,994.610914744293,970.224066543017,284.037851728637,231.029539196301,283.973936096407,230.418910218388,0.0639156322304189,0.610628977912711,0.0225025051560671,0.264307750444792,0.337272305071565,0.610628977912711,0.0639156322304189
60,1,59,3,25,3,TRUE,3,3,25,25,TRUE,1950-04-01,70,"F","Annual FIT from age 50 to 69","F","F70 | F3m","High",0,15887.9309477936,15588.2465685286,15631.1486522333,15366.9621137357,15888.4095188385,15588.4945020973,7.55906685296553,7.24240618260576,992.437557002582,968.892072915007,25.2190756020027,23.2712448240373,968.804184104051,948.817063145835,7.52759636360304,7.2368272643192,992.468906915357,968.905292525729,257.260866605222,221.532388361602,256.782295560291,221.284454792938,0.478571044930504,0.247933568663939,0.186025589995735,0.111917526144865,0.363252306797222,0.478571044930504,0.247933568663939
122,2,119,3,25,18,TRUE,3,3,25,25,TRUE,1950-04-01,70,"F","Annual FIT from age 50 to 69","F","F70 | F18m","Low",0,15871.2663815362,15577.421059774,15637.9480191287,15371.6806322855,15872.0349450243,15577.4961857113,9.56853647303374,8.42517616900578,990.4292922043,967.773673856986,25.2300456050137,23.2783904003436,969.225602596323,949.108403156939,9.55985118236963,8.56311481724342,990.466204689623,967.656723235262,234.086925895679,205.815553425751,233.318362407497,205.740427488496,0.768563488181826,0.0751259372555069,0.328323969927452,0.0365015840664388,0.421844712718666,0.768563488181826,0.0751259372555069
52,1,50,3,21,9,TRUE,3,3,21,21,TRUE,1950-04-01,70,"C","Colonoscopies at age 50 and 60","C","C70 | C9m","High",0,15905.142467461,15596.1666556509,15620.9625633058,15366.1533027156,15904.9976427287,15597.185475602,5.33288058213072,5.83220952343993,994.663624975479,970.161634585533,25.2026415092521,23.2700199860292,968.172859702235,948.767123952189,5.37866982724923,5.75920230518473,994.601207004501,970.235126901583,284.035079422893,231.032172886426,284.17990415512,230.013352935324,-0.144824732227789,1.01881995110125,-0.0509883259920031,0.440986178839299,0.43699760943673,1.01881995110125,-0.144824732227789
19,1,18,2,9,3,TRUE,2,2,9,8,TRUE,1960-04-01,60,"U","No Screening","F","U60 | F3m","High",0,23410.0043159831,23123.1529467854,23217.8745325838,22950.2185141631,23408.3465499522,23125.7670567301,10.3285603775695,10.1814313314832,989.665268935047,968.89121595386,28.8593473732075,27.0918916332878,971.140652626793,952.78776498248,10.4887854672226,10.0572349769398,989.503767151452,969.018936366615,190.472017368451,175.548542566983,192.129783399381,172.934432622358,-1.65776603093036,2.61410994462494,-0.870346234493628,1.48910945451312,0.478171956847291,2.61410994462494,-1.65776603093036
111,2,110,3,21,3,TRUE,3,3,21,21,TRUE,1950-04-01,70,"C","Colonoscopies at age 50 and 60","C","C70 | C3m","Low",0,15889.4894208316,15583.7501084798,15629.2283273535,15373.0066640185,15889.1465417859,15585.1795645009,7.30327061187391,7.35384400353114,992.69142467005,968.746253981396,25.2159773768241,23.2803985011558,968.685164138225,949.190277604548,7.31207162140999,7.25289866009616,992.660560855786,968.852537780493,259.918214432431,212.172900482448,260.261093478144,210.74344446137,-0.342879045712834,1.42945602107829,-0.131918052169433,0.67372224154354,0.54328848768273,1.42945602107829,-0.342879045712834
79,2,78,2,9,3,TRUE,2,2,9,8,TRUE,1960-04-01,60,"U","No Screening","F","U60 | F3m","Low",0,23394.1264727445,23112.393016769,23217.8745325838,22950.2185141631,23392.084471488,23115.5235346112,12.1343375666022,11.3559038226848,987.856725575808,967.787544995816,28.8593473732075,27.0918916332878,971.140652626793,952.78776498248,12.3199901439228,11.2408913774198,987.672775257076,967.91099382286,174.209938904238,165.305020448082,176.251940160746,162.174502605874,-2.04200125650823,3.13051784220806,-1.17214968867574,1.8937826774543,0.544258292849918,3.13051784220806,-2.04200125650823
112,2,110,3,21,9,TRUE,3,3,21,21,TRUE,1950-04-01,70,"C","Colonoscopies at age 50 and 60","C","C70 | C9m","Low",0,15889.8596006928,15583.3468749992,15629.3055835229,15373.0178551331,15889.2250827459,15585.1909100715,7.25351445337865,7.36768082029799,992.742748113139,968.721480189826,25.2161020208423,23.2804154486284,968.689952404387,949.190968588261,7.31210776539817,7.25290394000154,992.665467633705,968.853243077777,259.919499223031,212.173054938332,260.55401716993,210.329019866109,-0.634517946898995,1.84403507222305,-0.244120948522807,0.869118405614237,0.604758562662028,1.84403507222305,-0.634517946898995
62,1,59,3,25,18,TRUE,3,3,25,25,TRUE,1950-04-01,70,"F","Annual FIT from age 50 to 69","F","F70 | F18m","High",0,15887.8119391961,15588.1013430915,15631.633048139,15366.8614736252,15888.901887038,15588.3924111442,7.5451932040447,7.12022975290405,992.451792287852,968.998154117821,25.2198571195507,23.2710924178146,968.834206515751,948.810849227082,7.52782963736553,7.23677986945417,992.499662676543,968.89894704671,257.268838899085,221.53093751895,256.178891057119,221.239869466299,1.08994784196511,0.291068052651099,0.423661041356296,0.131389347199508,0.690507947308106,1.08994784196511,0.291068052651099
61,1,59,3,25,9,TRUE,3,3,25,25,TRUE,1950-04-01,70,"F","Annual FIT from age 50 to 69","F","F70 | F9m","High",0,15887.9357935357,15587.8243525248,15631.3371295624,15367.0161617465,15888.6010981687,15588.5493292722,7.58255013876121,7.21938821609458,992.413832519994,968.904698035741,25.2193796886772,23.2713266726474,968.815865755161,948.820400283944,7.5276871298857,7.23685271737331,992.48087391106,968.908700317284,257.263968606369,221.533167525678,256.598663973371,220.808190778325,0.665304632997504,0.724976747353139,0.258607778073837,0.32725426871762,0.695140690175322,0.724976747353139,0.665304632997504
23,1,22,2,10,3,TRUE,2,2,10,10,TRUE,1960-04-01,60,"C","First Colonoscopy at age 50","C","C60 | C3m","High",0,23482.5413879982,23163.1830549883,23184.7621721969,22923.8018805557,23482.3369616521,23164.9017119582,5.23324813993348,6.97333705244643,994.759846297041,971.932465030648,28.8181893804977,27.0607077657108,969.755652495495,951.691067568569,5.24419080134384,6.87317699902773,994.738279692513,972.028678415295,297.574789455208,241.099831402575,297.779215801289,239.38117443263,-0.204426346081164,1.71865696994428,-0.0686974681072351,0.712840386468194,0.757115311931557,1.71865696994428,-0.204426346081164
70,2,69,1,6,3,TRUE,1,1,6,5,TRUE,1970-04-01,50,"U","No Screening","F","U50 | F3m","Low",0,31842.8732018153,31397.1230600275,31594.6732261217,31155.5167967565,31843.2284192559,31398.3952949948,10.2162,11.8750416633886,989.7754,966.501034052776,30.376,32.317577415831,969.624,946.958327402869,10.2906,11.8379074479225,989.701,966.542972695041,248.555193134209,242.878498238297,248.199975693537,241.606263270991,0.355217440672277,1.27223496730585,0.14291290243953,0.523815395983556,0.813726203989063,1.27223496730585,0.355217440672277
24,1,22,2,10,9,TRUE,2,2,10,10,TRUE,1960-04-01,60,"C","First Colonoscopy at age 50","C","C60 | C9m","High",0,23482.5706970678,23162.6314086306,23184.6365529444,22923.774983312,23482.2097300853,23164.8745318243,5.20017950117033,6.95636888125725,994.792914973219,971.942844623246,28.8180332383133,27.0606760145007,969.750398183231,951.689950918432,5.24416238736557,6.87316893450521,994.732890019837,972.027537902376,297.573177140952,241.099548512284,297.934144123465,238.856425318547,-0.360966982512764,2.24312319373712,-0.121303602018466,0.930372208317442,0.941078105612178,2.24312319373712,-0.360966982512764
53,1,50,3,21,18,TRUE,3,3,21,21,TRUE,1950-04-01,70,"C","Colonoscopies at age 50 and 60","C","C70 | C18m","High",0,15904.6644604509,15595.207249432,15620.9437403789,15365.9930415145,15904.9784775456,15597.0228048523,5.36191414237691,5.84282073664727,994.633145445024,970.152486476221,25.2026111406063,23.2697772914992,968.171693074578,948.757228791321,5.37866334606674,5.7591422396198,994.600008531249,970.225007840311,284.03473716667,231.029763337809,283.720720071928,229.214207917545,0.314017094742667,1.81555542026399,0.110555877029366,0.785853473610372,1.06478625750333,1.81555542026399,0.314017094742667
10,1,9,1,6,3,TRUE,1,1,6,5,TRUE,1970-04-01,50,"U","No Screening","F","U50 | F3m","High",0,31864.7113250752,31414.4303275238,31594.6732261217,31155.5167967565,31865.5363291998,31415.8212609098,8.1388,10.1933921915653,991.8489,968.083392037423,30.376,32.317577415831,969.624,946.958327402869,8.113,10.1847842602174,991.8767,968.102609744618,270.863103078067,260.304464153283,270.038098953501,258.913530767259,0.825004124566476,1.3909333860247,0.304583428008907,0.534348648437174,1.10796875529559,1.3909333860247,0.825004124566476
14,1,13,2,7,3,TRUE,2,2,7,7,TRUE,1960-04-01,60,"U","No Screening","C","U60 | C3m","High",0,23440.3014221497,23139.0276324715,23217.8745325838,22950.2185141631,23437.5505549448,23144.1433678826,7.21161851065779,8.26861525015901,992.776784852707,970.660399965656,28.8593473732075,27.0918916332878,971.140652626793,952.78776498248,7.43099708626525,7.97163325361131,992.557619059423,970.947877683997,219.676022361058,193.924853719545,222.426889565966,188.809118308403,-2.75086720490799,5.11573541114194,-1.25223826221083,2.63799885008052,1.18243410311698,5.11573541114194,-2.75086720490799
83,2,82,2,10,3,TRUE,2,2,10,10,TRUE,1960-04-01,60,"C","First Colonoscopy at age 50","C","C60 | C3m","Low",0,23460.2310036044,23144.8676734683,23187.6123708289,22926.2962629194,23459.9674285547,23147.5336858056,7.47231272573342,8.77514608263837,992.520143347361,970.233012142661,28.8217321196182,27.0636522926507,969.874868565668,951.794622878768,7.51502622736503,8.5911259631053,992.472435978624,970.409138065762,272.355057725839,221.237422886232,272.618632775509,218.571410548888,-0.26357504967018,2.666012337344,-0.0967762639956196,1.2050458293012,1.20121864383691,2.666012337344,-0.26357504967018
74,2,73,2,7,3,TRUE,2,2,7,7,TRUE,1960-04-01,60,"U","No Screening","C","U60 | C3m","Low",0,23419.8673817845,23123.6080224758,23217.8745325838,22950.2185141631,23417.598700181,23128.6352317399,9.35401733558868,9.87601295315651,990.6345988101,969.152850578651,28.8593473732075,27.0918916332878,971.140652626793,952.78776498248,9.549351508632,9.58479759731847,990.440541330998,969.433493759854,199.724167597247,178.416717576842,201.99284920076,173.389508312728,-2.26868160351296,5.02720926411348,-1.1359074020966,2.8176783725148,1.37926383030026,5.02720926411348,-2.26868160351296
113,2,110,3,21,18,TRUE,3,3,21,21,TRUE,1950-04-01,70,"C","Colonoscopies at age 50 and 60","C","C70 | C18m","Low",0,15888.8801181754,15582.6135661096,15629.3677658725,15372.8574507132,15889.2882992045,15585.0282918054,7.3141864256117,7.3932040177798,992.680629371835,968.697298427937,25.2162023449715,23.2801725372123,968.693806409097,949.181064584495,7.31213685716039,7.25282826209233,992.669417026778,968.843133914831,259.920533332001,212.170841092218,259.512352302903,209.756115396394,0.40818102909725,2.41472569582402,0.157040701580846,1.13810440840666,1.41145336246063,2.41472569582402,0.40818102909725
65,2,64,1,4,3,TRUE,1,1,4,4,TRUE,1970-04-01,50,"U","No Screening","C","U50 | C3m","Low",0,31867.4529348769,31401.3762646102,31594.6732261217,31155.5167967565,31867.299842706,31404.7126809242,8.0502,10.7867389012236,991.9375,967.465923101546,30.376,32.317577415831,969.624,946.958327402869,8.1686,10.6099760319158,991.818,967.640984403029,272.626616584315,249.195884167686,272.779708755133,245.859467853683,-0.153092170818127,3.33641631400315,-0.0561545210574771,1.33887296138408,1.59166207159251,3.33641631400315,-0.153092170818127
33,1,31,2,14,9,TRUE,2,2,14,14,TRUE,1960-04-01,60,"F","Annual FIT from age 50 to 59","F","F60 | F9m","High",0,23456.4955582446,23156.2583331387,23189.2410184039,22924.9414035841,23459.6555994047,23156.2935687116,7.77079047736541,8.16702364460124,992.221983845724,970.844828577521,28.8237564955382,27.0620529308726,969.942990471776,951.738375335977,7.47039358580911,8.26164173154726,992.51887415878,970.75266394717,270.414581000761,231.35216512745,267.254539840644,231.316929554545,3.16004116011754,0.0352355729046394,1.16859126028735,0.0152302758373705,1.59763836651109,3.16004116011754,0.0352355729046394
32,1,31,2,14,3,TRUE,2,2,14,14,TRUE,1960-04-01,60,"F","Annual FIT from age 50 to 59","F","F60 | F3m","High",0,23456.8310614668,23156.5984997081,23189.600780789,22925.3155635319,23460.0195570541,23156.671504578,7.72968153291288,8.20950642474764,992.263730247695,970.805950177377,28.8242036728898,27.0624946129748,969.958038355551,951.753908740166,7.47050948294485,8.2617765705152,992.534272289195,970.768507685205,270.41877626504,231.355941046091,267.230280677744,231.282936176223,3.18849558729562,0.0730048698678729,1.17909548713087,0.0315552172716104,1.63075022858175,3.18849558729562,0.0730048698678729
84,2,82,2,10,9,TRUE,2,2,10,10,TRUE,1960-04-01,60,"C","First Colonoscopy at age 50","C","C60 | C9m","Low",0,23459.5361174298,23144.2726482252,23187.7158484374,22926.2473482437,23460.0721215816,23147.4842991062,7.46915848288615,8.73917683975722,992.522660038749,970.260598602837,28.8218607401879,27.0635945506692,969.879196753079,951.79259216588,7.51505976410567,8.59110763340497,992.476865010495,970.407067637651,272.356273144222,221.236950862465,271.820268992389,218.025299981495,0.536004151832458,3.21165088097041,0.196802572470444,1.45167923732911,1.87382751640143,3.21165088097041,0.536004151832458
25,1,22,2,10,18,TRUE,2,2,10,10,TRUE,1960-04-01,60,"C","First Colonoscopy at age 50","C","C60 | C18m","High",0,23481.7554018164,23161.4064130883,23184.6661102931,22923.6380528683,23482.2396668005,23164.7361612222,5.22876441928705,6.9721138910868,994.764223807308,971.924239007699,28.8180699774986,27.0605143731316,969.751634486876,951.68426619472,5.24416907297981,6.87312787904763,994.734158172859,972.021731696281,297.573556507428,241.098108353846,297.089291523349,237.76836021991,0.484264984079346,3.32974813393594,0.162737909162052,1.38107600954258,1.90700655900764,3.32974813393594,0.484264984079346
93,2,91,2,14,9,TRUE,2,2,14,14,TRUE,1960-04-01,60,"F","Annual FIT from age 50 to 59","F","F60 | F9m","Low",0,23435.1351199346,23141.5725834494,23190.5347366168,22926.3818641041,23438.3525374579,23142.2766165454,9.8963291300926,9.62210127225052,990.097188651059,969.472388344709,28.8253645610507,27.0637533417112,969.997103192036,951.798176647173,9.58879566537214,9.70157692496432,990.391332614551,969.405607460684,247.817800841101,215.894752441345,244.600383317778,215.190719345333,3.21741752332309,0.704033096011699,1.29829960253181,0.326100142801281,1.9607253096674,3.21741752332309,0.704033096011699
37,1,36,2,16,3,TRUE,2,2,16,16,TRUE,1960-04-01,60,"f","Biannual FIT from age 50 to 56","F","f60 | F3m","High",0,23439.7831991762,23145.247683145,23194.3107549231,22930.4572200087,23441.7207830061,23147.3394979703,8.84031652833202,8.92611547635078,991.152775064604,970.111949351886,28.8300580752583,27.0685641499598,970.155043785484,951.967366724447,8.62328626334465,8.85260076690032,991.366510550838,970.191225736678,247.410028082999,216.882277961566,245.472444253101,214.790463136262,1.93758382989836,2.09181482530403,0.783146845304247,0.964493201087976,2.01469932760119,2.09181482530403,1.93758382989836
92,2,91,2,14,3,TRUE,2,2,14,14,TRUE,1960-04-01,60,"F","Annual FIT from age 50 to 59","F","F60 | F3m","Low",0,23434.3768301568,23141.9914287101,23190.5717021154,22926.1984337768,23438.3898979758,23142.0914588786,9.96265492129245,9.69371181932182,990.030437785318,969.41075942379,28.8254105084161,27.0635368089341,969.998649358477,951.790561461658,9.58881094982404,9.70149930419356,990.392911289206,969.39785140092,247.818195860389,215.893025101828,243.805128041393,215.792994933327,4.01306781899621,0.100030168501689,1.61935962977352,0.0463332099100974,2.05654899374895,4.01306781899621,0.100030168501689
97,2,96,2,16,3,TRUE,2,2,16,16,TRUE,1960-04-01,60,"f","Biannual FIT from age 50 to 56","F","f60 | F3m","Low",0,23419.2178722105,23133.0726746314,23195.3806859876,22931.1055944569,23422.4286175478,23134.6324882744,10.9321550377578,10.2116846025223,989.060085931794,968.903145526216,28.8313879778819,27.0693295322273,970.199796096931,951.994284256449,10.6531488058746,10.1427559448566,989.343875127652,968.984024663229,227.047931560184,203.526893817536,223.837186222958,201.967080174596,3.2107453372264,1.55981364293984,1.41412666266696,0.76639190707555,2.38527949008312,3.2107453372264,1.55981364293984
5,1,4,1,4,3,TRUE,1,1,4,4,TRUE,1970-04-01,50,"U","No Screening","C","U50 | C3m","High",0,31891.689277115,31424.4623906768,31594.6732261217,31155.5167967565,31893.26467713,31427.7302629042,5.7873,8.69691333594774,994.1994,969.448149524972,30.376,32.317577415831,969.624,946.958327402869,5.7969,8.55878606548073,994.1892,969.585776334314,298.591451008298,272.213466147725,297.016050993319,268.945593920253,1.5754000149791,3.26787222747225,0.527610556048811,1.20048147276404,2.42163612122567,3.26787222747225,1.5754000149791
71,2,69,1,6,9,TRUE,1,1,6,5,TRUE,1970-04-01,50,"U","No Screening","F","U50 | F9m","Low",0,31841.0209257355,31395.6388054353,31594.6732261217,31155.5167967565,31843.2284192559,31398.3952949948,10.1957,11.8019743391561,989.7952,966.558587082138,30.376,32.317577415831,969.624,946.958327402869,10.2906,11.8379074479225,989.701,966.542972695041,248.555193134209,242.878498238297,246.34769961374,240.122008678805,2.20749352046914,2.75648955949146,0.888130114134125,1.13492531429726,2.4819915399803,2.75648955949146,2.20749352046914
85,2,82,2,10,18,TRUE,2,2,10,10,TRUE,1960-04-01,60,"C","First Colonoscopy at age 50","C","C60 | C18m","Low",0,23459.0613046393,23143.3483818265,23187.6271532878,22926.1715309089,23459.9823846442,23147.4077501385,7.49144295013206,8.71119836876919,992.501438128391,970.280005624051,28.821750493915,27.0635050510848,969.87548687579,951.789444578029,7.51503101830965,8.59107922252402,992.473068695042,970.403858491538,272.355231356389,221.236219229599,271.434151351492,217.176850917618,0.921080004896794,4.05936831198051,0.33819067851556,1.83485702572403,2.49022415843865,4.05936831198051,0.921080004896794
54,1,50,3,22,0,TRUE,3,3,21,22,FALSE,1950-04-01,70,"C","Colonoscopies at age 50 and 60","C@75","C70 | C@75","High",0,15905.2071892583,15591.5976937872,15621.2675010415,15365.8924140967,15905.30812513,15596.9206644878,5.38612534689043,6.0611940479511,994.608693137384,969.930510920579,25.2031334915102,23.269624904498,968.19175946199,948.751015656265,5.37877482458159,5.75910452467287,994.62062267359,970.218654119017,284.0406240885,231.0282503911,283.93968821682,225.705279690515,0.100935871680122,5.32297070058485,0.0355357167672862,2.30403454624002,2.71195328613248,5.32297070058485,0.100935871680122
11,1,9,1,6,9,TRUE,1,1,6,5,TRUE,1970-04-01,50,"U","No Screening","F","U50 | F9m","High",0,31862.2316979287,31413.4039316526,31594.6732261217,31155.5167967565,31865.5363291998,31415.8212609098,8.1156,10.0870942486407,991.8739,968.175376792176,30.376,32.317577415831,969.624,946.958327402869,8.113,10.1847842602174,991.8767,968.102609744618,270.863103078067,260.304464153283,267.55847180702,257.887134896104,3.30463127104667,2.41732925717952,1.22003744086703,0.928654552676455,2.8609802641131,3.30463127104667,2.41732925717952
34,1,31,2,14,18,TRUE,2,2,14,14,TRUE,1960-04-01,60,"F","Annual FIT from age 50 to 59","F","F60 | F18m","High",0,23454.4282323727,23155.9380957278,23189.2163775531,22925.2177427586,23459.6306712118,23156.5726966245,7.88628666801334,8.09021063285435,992.106700182438,970.915628237535,28.8237258674602,27.0623791391378,969.94195981189,951.749847670511,7.47038564778072,8.2617413180725,992.517819509796,970.76436548154,270.414293658661,231.354953865935,265.211854819514,230.720352969191,5.20243883914736,0.634600896744814,1.92387716224583,0.274297518224983,2.91851986794609,5.20243883914736,0.634600896744814
38,1,36,2,16,9,TRUE,2,2,16,16,TRUE,1960-04-01,60,"f","Biannual FIT from age 50 to 56","F","f60 | F9m","High",0,23437.9351209741,23144.7665938558,23194.1406597693,22930.5844453108,23441.5488734743,23147.4679266027,8.906997049069,8.8439006246331,991.084925488062,970.186152227295,28.8298466504303,27.068714334765,970.147929167028,951.972648535214,8.62322302459534,8.85264988388025,991.359240378387,970.196608659078,247.408213705017,216.883481291843,243.79446120478,214.182148544918,3.61375250023775,2.70133274692489,1.46064370544561,1.24552258698297,3.15754262358132,3.61375250023775,2.70133274692489
66,2,64,1,4,9,TRUE,1,1,4,4,TRUE,1970-04-01,50,"U","No Screening","C","U50 | C9m","Low",0,31865.5158282768,31400.04943561,31594.6732261217,31155.5167967565,31867.299842706,31404.7126809242,8.0304,10.7456009967584,991.9563,967.496451230163,30.376,32.317577415831,969.624,946.958327402869,8.1686,10.6099760319158,991.818,967.640984403029,272.626616584315,249.195884167686,270.842602155102,244.532638853438,1.78401442921313,4.66324531424834,0.654380137774034,1.87131714868549,3.22362987173074,4.66324531424834,1.78401442921313
98,2,96,2,16,9,TRUE,2,2,16,16,TRUE,1960-04-01,60,"f","Biannual FIT from age 50 to 56","F","f60 | F9m","Low",0,23417.8700885102,23132.0904709022,23195.2524862772,22931.0517657485,23422.2991629549,23134.578181805,10.9696141040963,10.1464666516788,989.024114933351,968.965638291209,28.8312286282408,27.0692659894104,970.194433851124,951.992049535474,10.6530899264533,10.1427321356491,989.338407073476,968.981750060366,227.046676677608,203.526416056455,222.61760223292,201.03870515366,4.42907444468801,2.48771090279479,1.95073299882606,1.22230369452619,3.4583926737414,4.42907444468801,2.48771090279479
94,2,91,2,14,18,TRUE,2,2,14,14,TRUE,1960-04-01,60,"F","Annual FIT from age 50 to 59","F","F60 | F18m","Low",0,23432.1040540286,23141.4546304798,23190.6875281075,22926.2179995385,23438.5069617032,23142.1112088886,10.1174288247681,9.50650026184107,989.877682912418,969.572883826522,28.8255544777763,27.0635599055985,970.003494045246,951.791373742307,9.5888588414222,9.70150758368326,990.397857835715,969.398678708049,247.819433595665,215.893209350073,241.416525921046,215.236630941279,6.4029076746192,0.656578408794303,2.5836987768546,0.304121843744355,3.52974304170675,6.4029076746192,0.656578408794303
114,2,110,3,22,0,TRUE,3,3,21,22,FALSE,1950-04-01,70,"C","Colonoscopies at age 50 and 60","C@75","C70 | C@75","Low",0,15889.2159179339,15577.7657609276,15629.243401668,15373.0290462641,15889.1618667903,15585.2022556585,7.31883013974932,7.69066322157826,992.677553003528,968.406852063413,25.2160016975114,23.2804323961256,968.686098430344,949.191659572981,7.31207867386742,7.2529092199146,992.661518272059,968.853948376088,259.918465122282,212.173209394434,259.97251626592,204.736714663495,-0.05405114363748,7.43649473093865,-0.0207954227538435,3.50491692714798,3.69122179365058,7.43649473093865,-0.05405114363748
80,2,78,2,9,9,TRUE,2,2,9,8,TRUE,1960-04-01,60,"U","No Screening","F","U60 | F9m","Low",0,23390.2471746697,23109.961601221,23217.8745325838,22950.2185141631,23392.084471488,23115.5235346112,12.2649859132782,11.4004351037205,987.727566705397,967.737460653356,28.8593473732075,27.0918916332878,971.140652626793,952.78776498248,12.3199901439228,11.2408913774198,987.672775257076,967.91099382286,174.209938904238,165.305020448082,172.37264208596,159.743087057901,1.83729681827754,5.56193339018137,1.05464523426961,3.36464880201761,3.69961510422945,5.56193339018137,1.83729681827754
107,2,106,3,20,3,TRUE,3,3,20,20,TRUE,1950-04-01,70,"U","No Screening","F","U70 | F3m","Low",0,15809.3705605849,15523.2950439207,15725.1336924004,15444.1705479427,15810.3553803565,15529.9495820873,15.2900636056942,13.5326140349722,984.705326934433,962.88126945215,25.370709745223,23.3881668520616,974.629290254777,953.584217463792,15.2518536093769,12.9632649797553,984.74353693075,963.43672302625,85.2216879561875,85.7790341446107,84.2368681845564,79.1244959779906,0.98481977163101,6.65453816662011,1.15559758935696,7.75776765614025,3.81967896912556,6.65453816662011,0.98481977163101
6,1,4,1,4,9,TRUE,1,1,4,4,TRUE,1970-04-01,50,"U","No Screening","C","U50 | C9m","High",0,31890.0446046837,31423.1059916007,31594.6732261217,31155.5167967565,31893.26467713,31427.7302629042,5.7588,8.67549359980286,994.225,969.462062344244,30.376,32.317577415831,969.624,946.958327402869,5.7969,8.55878606548073,994.1892,969.585776334314,298.591451008298,272.213466147725,295.371378562024,267.589194844131,3.22007244627457,4.62427130359356,1.07842084406666,1.69876654856011,3.92217187493407,4.62427130359356,3.22007244627457
20,1,18,2,9,9,TRUE,2,2,9,8,TRUE,1960-04-01,60,"U","No Screening","F","U60 | F9m","High",0,23405.9917233637,23119.871807577,23217.8745325838,22950.2185141631,23408.3465499522,23125.7670567301,10.4681455818357,10.2253218746623,989.52387508103,968.846043934968,28.8593473732075,27.0918916332878,971.140652626793,952.78776498248,10.4887854672226,10.0572349769398,989.503767151452,969.018936366615,190.472017368451,175.548542566983,188.117190779896,169.653293413943,2.35482658855472,5.89524915303991,1.23631104510198,3.35818746589166,4.12503787079731,5.89524915303991,2.35482658855472
47,1,46,3,20,3,TRUE,3,3,20,20,TRUE,1950-04-01,70,"U","No Screening","F","U70 | F3m","High",0,15816.7383358453,15527.3969793174,15725.1336924004,15444.1705479427,15818.763554966,15534.3273206977,14.2142399316053,12.9386431623385,985.780544100644,963.439160829955,25.370709745223,23.3881668520616,974.629290254777,953.584217463792,14.0861454677607,12.335896196368,985.909730278668,964.020089452769,93.6298625656163,90.15677275501,91.6046434449254,83.2264313747364,2.02521912069096,6.9303413802736,2.16300554673107,7.68698919503913,4.47778025048228,6.9303413802736,2.02521912069096
75,2,73,2,7,9,TRUE,2,2,7,7,TRUE,1960-04-01,60,"U","No Screening","C","U60 | C9m","Low",0,23415.6925661029,23120.8435234004,23217.8745325838,22950.2185141631,23417.598700181,23128.6352317399,9.50605030578416,9.94329042810259,990.482565839905,969.073826242999,28.8593473732075,27.0918916332878,971.140652626793,952.78776498248,9.549351508632,9.58479759731847,990.440541330998,969.433493759854,199.724167597247,178.416717576842,197.818033519128,170.625009237294,1.90613407811907,7.79170833954777,0.954383288237241,4.36714027999758,4.84892120883342,7.79170833954777,1.90613407811907
15,1,13,2,7,9,TRUE,2,2,7,7,TRUE,1960-04-01,60,"U","No Screening","C","U60 | C9m","High",0,23435.393270574,23135.7506608463,23217.8745325838,22950.2185141631,23437.5505549448,23144.1433678826,7.41642149710026,8.37091972793416,992.571556301618,970.554464640027,28.8593473732075,27.0918916332878,971.140652626793,952.78776498248,7.43099708626525,7.97163325361131,992.557619059423,970.947877683997,219.676022361058,193.924853719545,217.518737990231,185.532146683257,2.15728437082726,8.3927070362879,0.98202996742246,4.32781403482478,5.27499570355758,8.3927070362879,2.15728437082726
99,2,96,2,16,18,TRUE,2,2,16,16,TRUE,1960-04-01,60,"f","Biannual FIT from age 50 to 56","F","f60 | F18m","Low",0,23416.1661371478,23130.2805237168,23195.4176669366,22931.005277522,23422.4659604848,23134.5312809684,11.0219860449895,10.1449522783169,988.970786353481,968.959512593296,28.8314339444518,27.0692111117632,970.201342909622,951.990119557621,10.653165790444,10.1427115732417,989.345452462205,968.979785639214,227.048293548127,203.526003446408,220.748470211169,199.2752461948,6.29982333695807,4.25075725160787,2.77466227052824,2.08855732418839,5.27529029428297,6.29982333695807,4.25075725160787
102,2,101,3,18,3,TRUE,3,3,18,18,TRUE,1950-04-01,70,"U","No Screening","C","U70 | C3m","Low",0,15835.3872609848,15541.0435196961,15725.1336924004,15444.1705479427,15837.465210458,15549.5793056916,11.6272412285618,11.0662880269953,988.364631565872,965.166222864502,25.370709745223,23.3881668520616,974.629290254777,953.584217463792,11.5092147954928,10.2943574839233,988.482900602093,965.906705739785,112.331518057603,105.40875774887,110.25356858448,96.8729717534188,2.07794947312323,8.53578599545108,1.84983654548109,8.09779583569999,5.30686773428715,8.53578599545108,2.07794947312323
55,1,50,3,23,3,TRUE,3,3,21,23,TRUE,1950-04-01,70,"C","Colonoscopies at age 50 and 60","F","C70 | F3m","High",0,15900.4518548003,15590.9413928005,15621.0115031281,15365.9911780318,15905.047472421,15597.0209133519,6.10420749051738,6.62430433162294,993.892900548099,969.441222957448,25.2027204680736,23.2697744694996,968.175892947302,948.757113732525,5.37868667839678,5.75914154119037,994.604323048474,970.22489017805,284.035969292905,231.029735320099,279.440351672203,224.950214768718,4.59561762070189,6.07952055138048,1.61797029867114,2.63148834194747,5.33756908604119,6.07952055138048,4.59561762070189
72,2,69,1,6,18,TRUE,1,1,6,5,TRUE,1970-04-01,50,"U","No Screening","F","U50 | F18m","Low",0,31837.1546342421,31393.791073385,31594.6732261217,31155.5167967565,31843.2284192559,31398.3952949948,10.2738,11.7022824830799,989.7163,966.650171467991,30.376,32.317577415831,969.624,946.958327402869,10.2906,11.8379074479225,989.701,966.542972695041,248.555193134209,242.878498238297,242.481408120348,238.274276628501,6.0737850138612,4.60422160979579,2.44363633576613,1.89568926158232,5.33900331182849,6.0737850138612,4.60422160979579
56,1,50,3,23,9,TRUE,3,3,21,23,TRUE,1950-04-01,70,"C","Colonoscopies at age 50 and 60","F","C70 | F9m","High",0,15900.9899635703,15590.4674623576,15620.9682101928,15366.1756650094,15905.0033922927,15597.2081741159,6.04767698423247,6.62050307625215,993.94979255657,969.444130477914,25.2026506198601,23.2700538507847,968.173209691081,948.76850468872,5.37867177160702,5.75921068652595,994.60156654704,970.236538880402,284.035182099913,231.032509106513,280.021753377589,224.291797348156,4.01342872232453,6.74071175835707,1.41300408373803,2.91764643184885,5.3770702403408,6.74071175835707,4.01342872232453
39,1,36,2,16,18,TRUE,2,2,16,16,TRUE,1960-04-01,60,"f","Biannual FIT from age 50 to 56","F","f60 | F18m","High",0,23435.5110328741,23142.7544761677,23194.3551279822,22930.550192206,23441.7656293856,23147.433349523,8.95108073201196,8.8500759050455,991.041585714152,970.180221667487,28.8301132300712,27.0686739002304,970.156899790069,951.971226503473,8.62330276056223,8.85263666002435,991.368407135101,970.195159404864,247.410501403359,216.883157317006,241.155904891835,212.204283961684,6.25459651152414,4.67887335532214,2.52802386157697,2.1573244382842,5.46673493342314,6.25459651152414,4.67887335532214
115,2,110,3,23,3,TRUE,3,3,21,23,TRUE,1950-04-01,70,"C","Colonoscopies at age 50 and 60","F","C70 | F3m","Low",0,15884.625475567,15578.879232645,15629.3828404561,15372.9693604206,15889.3036244824,15585.1417460517,8.03214594484654,8.06796419943257,991.965201669894,968.096617077387,25.2162266660928,23.2803420097587,968.694740717887,949.187974332767,7.31214390974367,7.25288106046708,992.670374460134,968.850186796963,259.92078402633,212.172385631142,255.242635110988,205.909872224376,4.67814891534181,6.26251340676572,1.79983641280026,2.95161568181309,5.47033116105376,6.26251340676572,4.67814891534181
116,2,110,3,23,9,TRUE,3,3,21,23,TRUE,1950-04-01,70,"C","Colonoscopies at age 50 and 60","F","C70 | F9m","Low",0,15885.706841204,15578.1540848885,15629.3922620855,15373.3237519101,15889.313202796,15585.5010287295,7.91580745407513,8.06548090649818,992.081299032988,968.091392363473,25.2162418668174,23.2808786891006,968.695324661796,949.209855866004,7.31214831761513,7.25304826039194,992.670972856919,968.872521601172,259.920940710526,212.177276819437,256.314579118505,204.830332978479,3.60636159202113,7.34694384095746,1.38748404886605,3.46264404515368,5.4766527164893,7.34694384095746,3.60636159202113
57,1,50,3,23,18,TRUE,3,3,21,23,TRUE,1950-04-01,70,"C","Colonoscopies at age 50 and 60","F","C70 | F18m","High",0,15900.8264417438,15590.173815791,15621.2147949028,15365.9613623704,15905.2544606386,15596.9906494081,6.04102445209271,6.60573671912813,993.954637549378,969.456562642382,25.2030484561666,23.2697293175984,968.188492784101,948.755272795582,5.37875667660149,5.75913036634249,994.617266824746,970.223007585743,284.039665735756,231.029287037636,279.611646840962,224.212453420581,4.42801889479415,6.81683361705473,1.55894384797424,2.95063613122964,5.62242625592444,6.81683361705473,4.42801889479415
117,2,110,3,23,18,TRUE,3,3,21,23,TRUE,1950-04-01,70,"C","Colonoscopies at age 50 and 60","F","C70 | F18m","Low",0,15884.7867390084,15578.1507432699,15629.3074678292,15372.8630461599,15889.2269983888,15585.0339644785,7.93059368173532,8.05541168147528,992.065186634792,968.097687002232,25.2161050609557,23.280181010781,968.690069191958,949.18141006952,7.31210864696332,7.25283090199281,992.665587311822,968.843486556499,259.919530559551,212.170918318627,255.47927117918,205.287697110021,4.44025938037157,6.88322120860539,1.70832079098198,3.24418693341778,5.66174029448848,6.88322120860539,4.44025938037157
42,1,41,3,18,3,TRUE,3,3,18,18,TRUE,1950-04-01,70,"U","No Screening","C","U70 | C3m","High",0,15848.7718936323,15550.329037716,15725.1336924004,15444.1705479427,15851.3993274597,15559.0473390276,9.77642178789789,9.72330196611306,990.215814911263,966.404017695529,25.370709745223,23.3881668520616,974.629290254777,953.584217463792,9.62006405693605,8.94942118007739,990.372051340649,967.152301542667,126.265635059353,114.876791084858,123.638201231997,106.158489773294,2.62743382735607,8.71830131156457,2.08087800462968,7.58926257360763,5.67286756946032,8.71830131156457,2.62743382735607
12,1,9,1,6,18,TRUE,1,1,6,5,TRUE,1970-04-01,50,"U","No Screening","F","U50 | F18m","High",0,31858.3580299072,31411.1268400905,31594.6732261217,31155.5167967565,31865.5363291998,31415.8212609098,8.183,10.0341454616283,991.8066,968.22332096794,30.376,32.317577415831,969.624,946.958327402869,8.113,10.1847842602174,991.8767,968.102609744618,270.863103078067,260.304464153283,263.684803785458,255.610043333938,7.17829929260915,4.6944208193454,2.65015766674587,1.80343461823268,5.93636005597727,7.17829929260915,4.6944208193454
67,2,64,1,4,18,TRUE,1,1,4,4,TRUE,1970-04-01,50,"U","No Screening","C","U50 | C18m","Low",0,31861.2698261098,31397.8500123614,31594.6732261217,31155.5167967565,31867.299842706,31404.7126809242,8.1869,10.7280848573876,991.8005,967.512365893935,30.376,32.317577415831,969.624,946.958327402869,8.1686,10.6099760319158,991.818,967.640984403029,272.626616584315,249.195884167686,266.596599988035,242.333215604867,6.03001659627989,6.86266856281873,2.21182240818185,2.75392532494669,6.44634257954931,6.86266856281873,6.03001659627989
7,1,4,1,4,18,TRUE,1,1,4,4,TRUE,1970-04-01,50,"U","No Screening","C","U50 | C18m","High",0,31885.8984587761,31421.4482405889,31594.6732261217,31155.5167967565,31893.26467713,31427.7302629042,5.8816,8.63325468086295,994.1046,969.493791579562,30.376,32.317577415831,969.624,946.958327402869,5.7969,8.55878606548073,994.1892,969.585776334314,298.591451008298,272.213466147725,291.225232654389,265.931443832364,7.36621835390906,6.28202231536125,2.46698903435931,2.30775589623186,6.82412033463515,7.36621835390906,6.28202231536125
29,1,22,2,12,0,TRUE,2,2,10,12,FALSE,1960-04-01,60,"C","First Colonoscopy at age 50","C@65","C60 | C@65","High",0,23479.3966664551,23153.6938508532,23184.9813933688,22923.7700929109,23482.5589965123,23164.8695899886,5.15170496776028,7.26250046933293,994.839264595205,971.619864217716,28.8184618679703,27.0606702415614,969.764821921907,951.689747891415,5.24424038725914,6.87316746823043,994.747685339627,972.027330536678,297.577603143498,241.099497077768,294.415273086259,229.923757942393,3.16233005723916,11.1757391353749,1.06269088259113,4.6353224584994,7.16903459630703,11.1757391353749,3.16233005723916
108,2,106,3,20,9,TRUE,3,3,20,20,TRUE,1950-04-01,70,"U","No Screening","F","U70 | F9m","Low",0,15806.0437552983,15519.7200479979,15725.1336924004,15444.1705479427,15810.3553803565,15529.9495820873,15.4930011416904,13.7356830835682,984.502510700012,962.689901861336,25.370709745223,23.3881668520616,974.629290254777,953.584217463792,15.2518536093769,12.9632649797553,984.74353693075,963.43672302625,85.2216879561875,85.7790341446107,80.9100628979559,75.5495000552164,4.31162505823158,10.2295340893943,5.05930492769422,11.925447973859,7.27057957381294,10.2295340893943,4.31162505823158
48,1,46,3,20,9,TRUE,3,3,20,20,TRUE,1950-04-01,70,"U","No Screening","F","U70 | F9m","High",0,15813.5181091267,15524.0932731976,15725.1336924004,15444.1705479427,15818.763554966,15534.3273206977,14.4066242305235,13.1314734353749,985.588281103301,963.242186290621,25.370709745223,23.3881668520616,974.629290254777,953.584217463792,14.0861454677607,12.335896196368,985.909730278668,964.020089452769,93.6298625656163,90.15677275501,88.3844167263687,79.9227252548899,5.24544583924762,10.2340475001201,5.60232141275609,11.3513906802431,7.73974666968388,10.2340475001201,5.24544583924762
86,2,82,2,11,3,TRUE,2,2,10,11,TRUE,1960-04-01,60,"C","First Colonoscopy at age 50","F","C60 | F3m","Low",0,23450.9192722773,23139.0884442903,23187.5064304246,22926.1764223347,23459.8602438047,23147.4126887663,8.71574581417565,9.70917078940699,991.277666561442,969.381665760617,28.8216004378433,27.0635108252336,969.870437366196,951.789647647585,7.51499189244067,8.59108105547842,992.467901534566,970.404065532582,272.353813380185,221.236266431584,263.412841852783,212.912021955563,8.94097152740142,8.3242444760217,3.28285160263958,3.76260393934822,8.63260800171156,8.94097152740142,8.3242444760217
87,2,82,2,11,9,TRUE,2,2,10,11,TRUE,1960-04-01,60,"C","First Colonoscopy at age 50","F","C60 | F9m","Low",0,23450.7409703908,23139.0449528531,23187.5384588168,22926.2375653336,23459.8926483933,23147.4744217916,8.71246403630254,9.62812135994467,991.280842078063,969.453805147622,28.8216402484855,27.0635830023024,969.871777026882,951.792186024343,7.51500227273355,8.59110396747429,992.469272408632,970.406653553089,272.354189576519,221.236856457963,263.202511573982,212.80738751946,9.15167800253766,8.4294689385024,3.36021194194498,3.81015580923519,8.79057347052003,9.15167800253766,8.4294689385024
81,2,78,2,9,18,TRUE,2,2,9,8,TRUE,1960-04-01,60,"U","No Screening","F","U60 | F18m","Low",0,23384.6595310971,23104.9206678218,23217.8745325838,22950.2185141631,23392.084471488,23115.5235346112,12.5015998570954,11.5668133671586,987.492867802492,967.574820027415,28.8593473732075,27.0918916332878,971.140652626793,952.78776498248,12.3199901439228,11.2408913774198,987.672775257076,967.91099382286,174.209938904238,165.305020448082,166.784998513351,154.702153658756,7.42494039088706,10.6028667893261,4.2620647464715,6.41412266886119,9.01390359010657,10.6028667893261,7.42494039088706
88,2,82,2,11,18,TRUE,2,2,10,11,TRUE,1960-04-01,60,"C","First Colonoscopy at age 50","F","C60 | F18m","Low",0,23450.8458416692,23138.0384861834,23187.6443995138,22926.100605469,23459.9998334394,23147.3361402723,8.60253236163171,9.57984564844137,991.390667469512,969.489404531977,28.8217719306243,27.063421326203,969.876208238596,951.786500079208,7.51503660775277,8.59105264477326,992.473806865217,970.400856406326,272.355433925615,221.235534803247,263.201442155449,211.937880714388,9.15399177016661,9.29765408885942,3.36104612939969,4.20260429552068,9.22582292951301,9.29765408885942,9.15399177016661
26,1,22,2,11,3,TRUE,2,2,10,11,TRUE,1960-04-01,60,"C","First Colonoscopy at age 50","F","C60 | F3m","High",0,23473.5430288791,23155.2262145662,23184.9247403092,22923.6551690843,23482.5016163147,23164.7534574571,6.50827318811364,8.12965897266736,993.484927440615,970.871210888896,28.8183914493657,27.0605345781971,969.76245227824,951.68497678147,5.24422757283162,6.873133010953,994.745254649734,972.02245746825,297.576876005482,241.098288372712,288.618288569945,231.571045481869,8.95858743553617,9.5272428908429,3.01051195771379,3.95160121423791,9.24291516318954,9.5272428908429,8.95858743553617
27,1,22,2,11,9,TRUE,2,2,10,11,TRUE,1960-04-01,60,"C","First Colonoscopy at age 50","F","C60 | F9m","High",0,23473.2324067856,23155.447385194,23185.0602154776,22923.6087108432,23482.6388302973,23164.7065105939,6.47303927297298,8.05401642696367,993.521223723995,970.946895992501,28.8185598422537,27.0604797359466,969.768118836706,951.683048048474,5.24425821613203,6.87311908151338,994.751067188805,972.020487518285,297.578614819711,241.097799750703,288.172191307942,231.838674350733,9.40642351176939,9.2591253999708,3.16098773343249,3.8404022805454,9.33277445587009,9.40642351176939,9.2591253999708
103,2,101,3,18,9,TRUE,3,3,18,18,TRUE,1950-04-01,70,"U","No Screening","C","U70 | C9m","Low",0,15831.1946700617,15536.9710930234,15725.1336924004,15444.1705479427,15837.465210458,15549.5793056916,11.9312229770415,11.3338369835787,988.061498928422,964.891360496805,25.370709745223,23.3881668520616,974.629290254777,953.584217463792,11.5092147954928,10.2943574839233,988.482900602093,965.906705739785,112.331518057603,105.40875774887,106.060977661336,92.800545080725,6.27054039626637,12.6082126681449,5.58217364520159,11.961257240298,9.43937653220564,12.6082126681449,6.27054039626637
89,2,82,2,12,0,TRUE,2,2,10,12,FALSE,1960-04-01,60,"C","First Colonoscopy at age 50","C@65","C60 | C@65","Low",0,23454.7224650172,23133.9459816524,23187.639472018,22926.3207203355,23459.9948480667,23147.5583792344,7.50302846518203,9.06329392098221,992.48932134648,969.922972829534,28.8217658058469,27.0636811637338,969.876002134827,951.795638238462,7.51503501076817,8.5911351279848,992.47359595934,970.41017328313,272.355376048668,221.23765889887,267.082992999174,207.62526131684,5.27238304949424,13.6123975820301,1.93584687990594,6.15283928142291,9.44239031576217,13.6123975820301,5.27238304949424
21,1,18,2,9,18,TRUE,2,2,9,8,TRUE,1960-04-01,60,"U","No Screening","F","U60 | F18m","High",0,23399.9781328174,23114.7807233482,23217.8745325838,22950.2185141631,23408.3465499522,23125.7670567301,10.7361449183804,10.4128444873691,989.255237397515,968.648803464769,28.8593473732075,27.0918916332878,971.140652626793,952.78776498248,10.4887854672226,10.0572349769398,989.503767151452,969.018936366615,190.472017368451,175.548542566983,182.103600233666,164.562209185104,8.36841713478498,10.9863333818794,4.39351525247776,6.258288004691,9.67737525833218,10.9863333818794,8.36841713478498
28,1,22,2,11,18,TRUE,2,2,10,11,TRUE,1960-04-01,60,"C","First Colonoscopy at age 50","F","C60 | F18m","High",0,23472.7337508622,23153.9313936221,23184.5183243031,22923.4864532138,23482.0899839878,23164.5829671266,6.42773669896311,8.00480078983489,993.565570287268,970.976490550952,28.8178862825089,27.0603354152969,969.74545300017,951.677972472684,5.24413564507904,6.87308242536312,994.727817440081,972.015303477586,297.571659684665,241.096513912787,288.21542655912,230.444940408255,9.35623312554526,10.6515735045323,3.14419495978213,4.41797076683792,10.0039033150388,10.6515735045323,9.35623312554526
76,2,73,2,7,18,TRUE,2,2,7,7,TRUE,1960-04-01,60,"U","No Screening","C","U60 | C18m","Low",0,23408.8646112172,23115.9367407951,23217.8745325838,22950.2185141631,23417.598700181,23128.6352317399,9.86405656520177,10.1597530340005,990.126261839076,968.863023488168,28.8593473732075,27.0918916332878,971.140652626793,952.78776498248,9.549351508632,9.58479759731847,990.440541330998,969.433493759854,199.724167597247,178.416717576842,190.990078633418,165.718226631976,8.73408896382898,12.6984909448656,4.37307566175049,7.11732124507703,10.7162899543473,12.6984909448656,8.73408896382898
43,1,41,3,18,9,TRUE,3,3,18,18,TRUE,1950-04-01,70,"U","No Screening","C","U70 | C9m","High",0,15843.4048095014,15545.5285787751,15725.1336924004,15444.1705479427,15851.3993274597,15559.0473390276,10.147240704539,10.057402963833,989.844389486744,966.065650541326,25.370709745223,23.3881668520616,974.629290254777,953.584217463792,9.62006405693605,8.94942118007739,990.372051340649,967.152301542667,126.265635059353,114.876791084858,118.271117101071,101.358030832374,7.99451795828281,13.5187602524838,6.33150734522885,11.7680517751385,10.7566391053833,13.5187602524838,7.99451795828281
16,1,13,2,7,18,TRUE,2,2,7,7,TRUE,1960-04-01,60,"U","No Screening","C","U60 | C18m","High",0,23428.0945750427,23130.5286291179,23217.8745325838,22950.2185141631,23437.5505549448,23144.1433678826,7.78198152900484,8.56709230170552,992.207698528302,970.353806901259,28.8593473732075,27.0918916332878,971.140652626793,952.78776498248,7.43099708626525,7.97163325361131,992.557619059423,970.947877683997,219.676022361058,193.924853719545,210.220042458925,180.31011495478,9.45597990213355,13.6147387647652,4.30451161692638,7.02062603303797,11.5353593334494,13.6147387647652,9.45597990213355
109,2,106,3,20,18,TRUE,3,3,20,20,TRUE,1950-04-01,70,"U","No Screening","F","U70 | F18m","Low",0,15801.1414129379,15515.3216788276,15725.1336924004,15444.1705479427,15810.3553803565,15529.9495820873,15.8026840642238,14.0162742899714,984.192706475903,962.398340538262,25.370709745223,23.3881668520616,974.629290254777,953.584217463792,15.2518536093769,12.9632649797553,984.74353693075,963.43672302625,85.2216879561875,85.7790341446107,76.0077205375292,71.1511308849513,9.21396741865829,14.6279032596594,10.8117635775945,17.0530053241203,11.9209353391589,14.6279032596594,9.21396741865829
49,1,46,3,20,18,TRUE,3,3,20,20,TRUE,1950-04-01,70,"U","No Screening","F","U70 | F18m","High",0,15807.9438654049,15518.7305959845,15725.1336924004,15444.1705479427,15818.763554966,15534.3273206977,14.7986709228964,13.4915370425492,985.196477014079,962.889679874931,25.370709745223,23.3881668520616,974.629290254777,953.584217463792,14.0861454677607,12.335896196368,985.909730278668,964.020089452769,93.6298625656163,90.15677275501,82.8101730045964,74.5600480417961,10.8196895610199,15.5967247132139,11.5558105763932,17.2995596854338,13.2082071371169,15.5967247132139,10.8196895610199
104,2,101,3,18,18,TRUE,3,3,18,18,TRUE,1950-04-01,70,"U","No Screening","C","U70 | C18m","Low",0,15824.0890285359,15530.8261831697,15725.1336924004,15444.1705479427,15837.465210458,15549.5793056916,12.4705297822054,11.8027485261648,987.522919932712,964.435369313853,25.370709745223,23.3881668520616,974.629290254777,953.584217463792,11.5092147954928,10.2943574839233,988.482900602093,965.906705739785,112.331518057603,105.40875774887,98.9553361355447,86.6556352270491,13.3761819220581,18.7531225218208,11.9077727723744,17.7908581054518,16.0646522219395,18.7531225218208,13.3761819220581
44,1,41,3,18,18,TRUE,3,3,18,18,TRUE,1950-04-01,70,"U","No Screening","C","U70 | C18m","High",0,15836.0288905768,15538.858090912,15725.1336924004,15444.1705479427,15851.3993274597,15559.0473390276,10.733855124191,10.5943292297784,989.258502876546,965.548348595203,25.370709745223,23.3881668520616,974.629290254777,953.584217463792,9.62006405693605,8.94942118007739,990.372051340649,967.152301542667,126.265635059353,114.876791084858,110.895198176482,94.6875429693355,15.3704368828712,20.1892481155228,12.1730959303741,17.5746971384404,17.779842499197,20.1892481155228,15.3704368828712
123,2,119,3,26,0,TRUE,3,3,25,26,FALSE,1950-04-01,70,"F","Annual FIT from age 50 to 69","U","F70 | U","Low",0,15838.7277356436,15548.365081983,15638.0027246477,15371.5500930077,15872.090469439,15577.3638986081,14.4071381758582,12.721426348727,985.592861824142,963.792928793569,25.2301338661295,23.2781927157608,969.228993193965,949.100343145253,9.55988462516024,8.56304209762019,990.469669592293,967.648505707664,234.087744791266,205.813805600357,200.725010995857,176.814988975313,33.3627337954094,28.9988166250441,14.2522342744421,14.0898306313587,31.1807752102268,33.3627337954094,28.9988166250441
63,1,59,3,26,0,TRUE,3,3,25,26,FALSE,1950-04-01,70,"F","Annual FIT from age 50 to 69","U","F70 | U","High",0,15855.3558206713,15558.9345517725,15631.1920016165,15366.8018356633,15888.4535816754,15588.3319134326,12.5507312327145,11.515494920084,987.449268767285,964.929951347489,25.2191455412885,23.2710021039579,968.806870858861,948.807166943265,7.52761723965423,7.23675178390115,992.471659298814,968.895186802066,257.261580058861,221.530077769314,224.163819054847,192.132716109276,33.0977610040136,29.3973616600379,12.8654115381088,13.2701446034115,31.2475613320257,33.0977610040136,29.3973616600379
77,2,73,2,8,0,TRUE,2,2,7,9,FALSE,1960-04-01,60,"U","No Screening","C@65","U60 | C@65","Low",0,23376.7415497269,23091.2868348127,23217.8745325838,22950.2185141631,23417.598700181,23128.6352317399,11.535887281543,11.41890971192,988.453048037631,967.608779133816,28.8593473732075,27.0918916332878,971.140652626793,952.78776498248,9.549351508632,9.58479759731847,990.440541330998,969.433493759854,199.724167597247,178.416717576842,158.867017143119,141.068320649567,40.8571504541287,37.3483969272747,20.4567884526218,20.9332384512619,39.1027736907017,40.8571504541287,37.3483969272747
17,1,13,2,8,0,TRUE,2,2,7,9,FALSE,1960-04-01,60,"U","No Screening","C@65","U60 | C@65","High",0,23392.6621824849,23102.5133971558,23217.8745325838,22950.2185141631,23437.5505549448,23144.1433678826,9.66095583734791,10.0884175526291,990.327447526017,968.853732789247,28.8593473732075,27.0918916332878,971.140652626793,952.78776498248,7.43099708626525,7.97163325361131,992.557619059423,970.947877683997,219.676022361058,193.924853719545,174.787649901158,152.294882992715,44.8883724599,41.6299707268299,20.4338971442781,21.4670631063284,43.259171593365,44.8883724599,41.6299707268299
105,2,101,3,19,0,TRUE,3,3,18,19,FALSE,1950-04-01,70,"U","No Screening","C@75","U70 | C@75","Low",0,15794.8051180511,15504.4099222755,15725.1336924004,15444.1705479427,15837.465210458,15549.5793056916,14.9405937663605,14.1157366811204,985.053098551708,962.17625662077,25.370709745223,23.3881668520616,974.629290254777,953.584217463792,11.5092147954928,10.2943574839233,988.482900602093,965.906705739785,112.331518057603,105.40875774887,69.6714256507184,60.2393743328084,42.6600924068844,45.1693834160615,37.9769570860856,42.8516419135446,43.9147379114729,45.1693834160615,42.6600924068844
45,1,41,3,19,0,TRUE,3,3,18,19,FALSE,1950-04-01,70,"U","No Screening","C@75","U70 | C@75","High",0,15802.6539578692,15509.1362909012,15725.1336924004,15444.1705479427,15851.3993274597,15559.0473390276,13.6436373199339,13.3041918278482,986.348841982378,962.912229559199,25.370709745223,23.3881668520616,974.629290254777,953.584217463792,9.62006405693605,8.94942118007739,990.372051340649,967.152301542667,126.265635059353,114.876791084858,77.5202654688783,64.9657429584695,48.7453695904751,49.9110481263888,38.6054127614069,43.4474602354796,49.3282088584319,49.9110481263888,48.7453695904751
118,2,110,3,24,0,TRUE,3,3,21,24,FALSE,1950-04-01,70,"C","Colonoscopies at age 50 and 60","U","C70 | U","Low",0,15849.6191389686,15505.3712061781,15629.2207902071,15378.2682843273,15889.1388792948,15590.5138038665,13.1711263852089,17.2778782182486,986.828873614791,959.433633877978,25.2159652164981,23.2883665337098,968.684696992841,949.515150867845,7.31206809518637,7.25538106316292,992.660082148342,969.184140719365,259.918089087689,212.245519539118,220.398348761457,127.102921850785,39.5197403262318,85.1425976883329,15.2046902410471,40.1151448912639,62.3311690072824,85.1425976883329,39.5197403262318
58,1,50,3,24,0,TRUE,3,3,21,24,FALSE,1950-04-01,70,"C","Colonoscopies at age 50 and 60","U","C70 | U","High",0,15867.3132832518,15515.4109445787,15621.0416200942,15371.7179296293,15905.0781370021,15602.8337674266,11.1778137934774,16.2019465531936,988.822186206522,960.458340789358,25.2027690583635,23.2784468822696,968.177759569097,949.110706042564,5.37869704838622,5.76128791578079,994.606240623701,970.586483314175,284.036516907996,231.115837797342,246.271663157642,143.693014949455,37.7648537503537,87.4228228478878,13.2957741354737,37.8264093370121,62.5938382991208,87.4228228478878,37.7648537503537
95,2,91,2,15,0,TRUE,2,2,14,15,FALSE,1960-04-01,60,"F","Annual FIT from age 50 to 59","U","F60 | U","Low",0,23329.183032319,23051.50587043,23190.6234540115,22926.32316608,23438.442202901,23142.2173657697,21.4726977461558,19.3761145231622,978.527302253844,960.227604885191,28.8254748349738,27.0636840508455,970.000813999776,951.79573977455,9.58883234813857,9.70155208618254,990.395121442178,969.403125508056,247.818748889502,215.894199689672,138.559578307479,125.182704350031,109.259170582023,90.7114953396413,44.0883391880652,42.016643091862,99.9853329608322,109.259170582023,90.7114953396413
35,1,31,2,15,0,TRUE,2,2,14,15,FALSE,1960-04-01,60,"F","Annual FIT from age 50 to 59","U","F60 | U","High",0,23348.9916399798,23064.4010473232,23189.3321900072,22925.0856860388,23459.747834179,23156.4393072248,19.9712119399255,18.2520185141133,980.028788060074,961.307999278893,28.8238698199928,27.0622232510211,969.946803932399,951.744365281451,7.47042295666086,8.26169372775207,992.522776379509,970.758773562665,270.415644171851,231.353621186056,159.659449972667,139.315361284425,110.756194199184,92.0382599016302,40.9577613522973,39.7825024003461,101.397227050407,110.756194199184,92.0382599016302
68,2,64,1,5,0,TRUE,1,1,4,6,FALSE,1970-04-01,50,"U","No Screening","C@65","U50 | C@65","Low",0,31750.6027530362,31310.9606143,31594.6732261217,31155.5167967565,31867.299842706,31404.7126809242,13.4172,14.9644882795007,986.5744,963.356736897377,30.376,32.317577415831,969.624,946.958327402869,8.1686,10.6099760319158,991.818,967.640984403029,272.626616584315,249.195884167686,155.929526914442,155.443817543495,116.697089669873,93.7520666241908,42.8047309290442,37.6218359052448,105.224578147032,116.697089669873,93.7520666241908
30,1,22,2,13,0,TRUE,2,2,10,13,FALSE,1960-04-01,60,"C","First Colonoscopy at age 50","U","C60 | U","High",0,23376.7351528549,23040.9125465771,23185.0700682789,22923.6649497907,23482.6488095586,23164.7633410314,17.8564295257749,20.4917285249968,982.143570474225,959.167582128353,28.8185720890859,27.0605461239624,969.768530952632,951.685382831517,5.24426044474966,6.8731359434738,994.751489921569,972.022872195575,297.578741279725,241.098391240761,191.665084575987,117.247596786397,105.913656703739,123.850794454363,35.5918088262156,51.369398948285,114.882225579051,123.850794454363,105.913656703739
8,1,4,1,5,0,TRUE,1,1,4,6,FALSE,1970-04-01,50,"U","No Screening","C@65","U50 | C@65","High",0,31766.2090441365,31323.8096276809,31594.6732261217,31155.5167967565,31893.26467713,31427.7302629042,11.5782,13.4447880276887,988.41,964.784452394436,30.376,32.317577415831,969.624,946.958327402869,5.7969,8.55878606548073,994.1892,969.585776334314,298.591451008298,272.213466147725,171.535818014814,168.292830924423,127.055632993484,103.920635223301,42.5516646790913,38.1761551674691,115.488134108393,127.055632993484,103.920635223301
90,2,82,2,13,0,TRUE,2,2,10,13,FALSE,1960-04-01,60,"C","First Colonoscopy at age 50","U","C60 | U","Low",0,23351.5030286804,23023.4086486801,23187.4374464957,22926.3843098616,23459.7904496104,23147.6225823957,19.8168964625094,21.8735154986607,980.183103537491,957.834374642293,28.8215146922181,27.0637562288383,969.867551955748,951.798278183803,7.51496953498417,8.591158956763,992.464948895593,970.412864858625,272.353003114695,221.238272534098,164.065582184718,97.0243388185081,108.287420929977,124.21393371559,39.7599511265071,56.1448669313965,116.250677322783,124.21393371559,108.287420929977
100,2,96,2,17,0,TRUE,2,2,16,17,FALSE,1960-04-01,60,"f","Biannual FIT from age 50 to 56","U","f60 | U","Low",0,23287.7906137558,22992.8684587877,23195.3461705416,22931.2719756985,23422.3937642474,23134.8003462463,24.4316624941568,24.3465041019784,975.568337505843,955.456292351819,28.8313450758821,27.0695259391838,970.198352409537,952.001191642158,10.6531329536587,10.1428295376593,989.342402953274,968.991055321411,227.047593705807,203.528370547789,92.4444432142009,61.596483089179,134.603150491606,141.93188745861,59.2841123284556,69.7356771818128,138.267518975108,141.93188745861,134.603150491606
40,1,36,2,17,0,TRUE,2,2,16,17,FALSE,1960-04-01,60,"f","Biannual FIT from age 50 to 56","U","f60 | U","High",0,23299.4007691762,22998.3168429852,23194.4734569699,22930.4352003882,23441.8852205698,23147.3172700824,23.5296680965398,23.9258673687083,976.47033190346,955.861768151901,28.8302603106042,27.068538156605,970.161849170348,951.966452570841,8.62334675345104,8.8525922659399,991.373464728615,970.190294083096,247.411763599885,216.882069694228,104.927312206266,67.8816425969744,142.484451393619,149.000427097253,57.5900067646117,68.7011274409739,145.742439245436,149.000427097253,142.484451393619
