"scenario","model","LY_High","LY_Low","LY_no_screening_High","LY_no_screening_Low","LY_no_pandemic_High","LY_no_pandemic_Low","n_crc_dth_High","n_crc_dth_Low","n_oc_dth_High","n_oc_dth_Low","n_crc_dth_no_screening_High","n_crc_dth_no_screening_Low","n_oc_dth_no_screening_High","n_oc_dth_no_screening_Low","n_crc_dth_no_pandemic_High","n_crc_dth_no_pandemic_Low","n_oc_dth_no_pandemic_High","n_oc_dth_no_pandemic_Low","LYG_no_pandemic_High","LYG_no_pandemic_Low","LYG_screening_High","LYG_screening_Low","LY_lost_pandemic_High","LY_lost_pandemic_Low","perc_LYG_loss_High","perc_LYG_loss_Low"
"U50 | C3m","CRCSPIN",31891.689277115,31867.4529348769,31594.6732261217,31594.6732261217,31893.26467713,31867.299842706,5.7873,8.0502,994.1994,991.9375,30.376,30.376,969.624,969.624,5.7969,8.1686,994.1892,991.818,298.591451008298,272.626616584315,297.016050993319,272.779708755133,1.5754000149791,-0.153092170818127,0.527610556048811,-0.0561545210574771
"U50 | C3m","MISCAN",31424.4623906768,31401.3762646102,31155.5167967565,31155.5167967565,31427.7302629042,31404.7126809242,8.69691333594774,10.7867389012236,969.448149524972,967.465923101546,32.317577415831,32.317577415831,946.958327402869,946.958327402869,8.55878606548073,10.6099760319158,969.585776334314,967.640984403029,272.213466147725,249.195884167686,268.945593920253,245.859467853683,3.26787222747225,3.33641631400315,1.20048147276404,1.33887296138408
"U50 | C9m","CRCSPIN",31890.0446046837,31865.5158282768,31594.6732261217,31594.6732261217,31893.26467713,31867.299842706,5.7588,8.0304,994.225,991.9563,30.376,30.376,969.624,969.624,5.7969,8.1686,994.1892,991.818,298.591451008298,272.626616584315,295.371378562024,270.842602155102,3.22007244627457,1.78401442921313,1.07842084406666,0.654380137774034
"U50 | C9m","MISCAN",31423.1059916007,31400.04943561,31155.5167967565,31155.5167967565,31427.7302629042,31404.7126809242,8.67549359980286,10.7456009967584,969.462062344244,967.496451230163,32.317577415831,32.317577415831,946.958327402869,946.958327402869,8.55878606548073,10.6099760319158,969.585776334314,967.640984403029,272.213466147725,249.195884167686,267.589194844131,244.532638853438,4.62427130359356,4.66324531424834,1.69876654856011,1.87131714868549
"U50 | C18m","CRCSPIN",31885.8984587761,31861.2698261098,31594.6732261217,31594.6732261217,31893.26467713,31867.299842706,5.8816,8.1869,994.1046,991.8005,30.376,30.376,969.624,969.624,5.7969,8.1686,994.1892,991.818,298.591451008298,272.626616584315,291.225232654389,266.596599988035,7.36621835390906,6.03001659627989,2.46698903435931,2.21182240818185
"U50 | C18m","MISCAN",31421.4482405889,31397.8500123614,31155.5167967565,31155.5167967565,31427.7302629042,31404.7126809242,8.63325468086295,10.7280848573876,969.493791579562,967.512365893935,32.317577415831,32.317577415831,946.958327402869,946.958327402869,8.55878606548073,10.6099760319158,969.585776334314,967.640984403029,272.213466147725,249.195884167686,265.931443832364,242.333215604867,6.28202231536125,6.86266856281873,2.30775589623186,2.75392532494669
"U50 | C@65","CRCSPIN",31766.2090441365,31750.6027530362,31594.6732261217,31594.6732261217,31893.26467713,31867.299842706,11.5782,13.4172,988.41,986.5744,30.376,30.376,969.624,969.624,5.7969,8.1686,994.1892,991.818,298.591451008298,272.626616584315,171.535818014814,155.929526914442,127.055632993484,116.697089669873,42.5516646790913,42.8047309290442
"U50 | C@65","MISCAN",31323.8096276809,31310.9606143,31155.5167967565,31155.5167967565,31427.7302629042,31404.7126809242,13.4447880276887,14.9644882795007,964.784452394436,963.356736897377,32.317577415831,32.317577415831,946.958327402869,946.958327402869,8.55878606548073,10.6099760319158,969.585776334314,967.640984403029,272.213466147725,249.195884167686,168.292830924423,155.443817543495,103.920635223301,93.7520666241908,38.1761551674691,37.6218359052448
"U50 | F3m","CRCSPIN",31864.7113250752,31842.8732018153,31594.6732261217,31594.6732261217,31865.5363291998,31843.2284192559,8.1388,10.2162,991.8489,989.7754,30.376,30.376,969.624,969.624,8.113,10.2906,991.8767,989.701,270.863103078067,248.555193134209,270.038098953501,248.199975693537,0.825004124566476,0.355217440672277,0.304583428008907,0.14291290243953
"U50 | F3m","MISCAN",31414.4303275238,31397.1230600275,31155.5167967565,31155.5167967565,31415.8212609098,31398.3952949948,10.1933921915653,11.8750416633886,968.083392037423,966.501034052776,32.317577415831,32.317577415831,946.958327402869,946.958327402869,10.1847842602174,11.8379074479225,968.102609744618,966.542972695041,260.304464153283,242.878498238297,258.913530767259,241.606263270991,1.3909333860247,1.27223496730585,0.534348648437174,0.523815395983556
"U50 | F9m","CRCSPIN",31862.2316979287,31841.0209257355,31594.6732261217,31594.6732261217,31865.5363291998,31843.2284192559,8.1156,10.1957,991.8739,989.7952,30.376,30.376,969.624,969.624,8.113,10.2906,991.8767,989.701,270.863103078067,248.555193134209,267.55847180702,246.34769961374,3.30463127104667,2.20749352046914,1.22003744086703,0.888130114134125
"U50 | F9m","MISCAN",31413.4039316526,31395.6388054353,31155.5167967565,31155.5167967565,31415.8212609098,31398.3952949948,10.0870942486407,11.8019743391561,968.175376792176,966.558587082138,32.317577415831,32.317577415831,946.958327402869,946.958327402869,10.1847842602174,11.8379074479225,968.102609744618,966.542972695041,260.304464153283,242.878498238297,257.887134896104,240.122008678805,2.41732925717952,2.75648955949146,0.928654552676455,1.13492531429726
"U50 | F18m","CRCSPIN",31858.3580299072,31837.1546342421,31594.6732261217,31594.6732261217,31865.5363291998,31843.2284192559,8.183,10.2738,991.8066,989.7163,30.376,30.376,969.624,969.624,8.113,10.2906,991.8767,989.701,270.863103078067,248.555193134209,263.684803785458,242.481408120348,7.17829929260915,6.0737850138612,2.65015766674587,2.44363633576613
"U50 | F18m","MISCAN",31411.1268400905,31393.791073385,31155.5167967565,31155.5167967565,31415.8212609098,31398.3952949948,10.0341454616283,11.7022824830799,968.22332096794,966.650171467991,32.317577415831,32.317577415831,946.958327402869,946.958327402869,10.1847842602174,11.8379074479225,968.102609744618,966.542972695041,260.304464153283,242.878498238297,255.610043333938,238.274276628501,4.6944208193454,4.60422160979579,1.80343461823268,1.89568926158232
"U60 | C3m","CRCSPIN",23440.3014221497,23419.8673817845,23217.8745325838,23217.8745325838,23437.5505549448,23417.598700181,7.21161851065779,9.35401733558868,992.776784852707,990.6345988101,28.8593473732075,28.8593473732075,971.140652626793,971.140652626793,7.43099708626525,9.549351508632,992.557619059423,990.440541330998,219.676022361058,199.724167597247,222.426889565966,201.99284920076,-2.75086720490799,-2.26868160351296,-1.25223826221083,-1.1359074020966
"U60 | C3m","MISCAN",23139.0276324715,23123.6080224758,22950.2185141631,22950.2185141631,23144.1433678826,23128.6352317399,8.26861525015901,9.87601295315651,970.660399965656,969.152850578651,27.0918916332878,27.0918916332878,952.78776498248,952.78776498248,7.97163325361131,9.58479759731847,970.947877683997,969.433493759854,193.924853719545,178.416717576842,188.809118308403,173.389508312728,5.11573541114194,5.02720926411348,2.63799885008052,2.8176783725148
"U60 | C9m","CRCSPIN",23435.393270574,23415.6925661029,23217.8745325838,23217.8745325838,23437.5505549448,23417.598700181,7.41642149710026,9.50605030578416,992.571556301618,990.482565839905,28.8593473732075,28.8593473732075,971.140652626793,971.140652626793,7.43099708626525,9.549351508632,992.557619059423,990.440541330998,219.676022361058,199.724167597247,217.518737990231,197.818033519128,2.15728437082726,1.90613407811907,0.98202996742246,0.954383288237241
"U60 | C9m","MISCAN",23135.7506608463,23120.8435234004,22950.2185141631,22950.2185141631,23144.1433678826,23128.6352317399,8.37091972793416,9.94329042810259,970.554464640027,969.073826242999,27.0918916332878,27.0918916332878,952.78776498248,952.78776498248,7.97163325361131,9.58479759731847,970.947877683997,969.433493759854,193.924853719545,178.416717576842,185.532146683257,170.625009237294,8.3927070362879,7.79170833954777,4.32781403482478,4.36714027999758
"U60 | C18m","CRCSPIN",23428.0945750427,23408.8646112172,23217.8745325838,23217.8745325838,23437.5505549448,23417.598700181,7.78198152900484,9.86405656520177,992.207698528302,990.126261839076,28.8593473732075,28.8593473732075,971.140652626793,971.140652626793,7.43099708626525,9.549351508632,992.557619059423,990.440541330998,219.676022361058,199.724167597247,210.220042458925,190.990078633418,9.45597990213355,8.73408896382898,4.30451161692638,4.37307566175049
"U60 | C18m","MISCAN",23130.5286291179,23115.9367407951,22950.2185141631,22950.2185141631,23144.1433678826,23128.6352317399,8.56709230170552,10.1597530340005,970.353806901259,968.863023488168,27.0918916332878,27.0918916332878,952.78776498248,952.78776498248,7.97163325361131,9.58479759731847,970.947877683997,969.433493759854,193.924853719545,178.416717576842,180.31011495478,165.718226631976,13.6147387647652,12.6984909448656,7.02062603303797,7.11732124507703
"U60 | C@65","CRCSPIN",23392.6621824849,23376.7415497269,23217.8745325838,23217.8745325838,23437.5505549448,23417.598700181,9.66095583734791,11.535887281543,990.327447526017,988.453048037631,28.8593473732075,28.8593473732075,971.140652626793,971.140652626793,7.43099708626525,9.549351508632,992.557619059423,990.440541330998,219.676022361058,199.724167597247,174.787649901158,158.867017143119,44.8883724599,40.8571504541287,20.4338971442781,20.4567884526218
"U60 | C@65","MISCAN",23102.5133971558,23091.2868348127,22950.2185141631,22950.2185141631,23144.1433678826,23128.6352317399,10.0884175526291,11.41890971192,968.853732789247,967.608779133816,27.0918916332878,27.0918916332878,952.78776498248,952.78776498248,7.97163325361131,9.58479759731847,970.947877683997,969.433493759854,193.924853719545,178.416717576842,152.294882992715,141.068320649567,41.6299707268299,37.3483969272747,21.4670631063284,20.9332384512619
"U60 | F3m","CRCSPIN",23410.0043159831,23394.1264727445,23217.8745325838,23217.8745325838,23408.3465499522,23392.084471488,10.3285603775695,12.1343375666022,989.665268935047,987.856725575808,28.8593473732075,28.8593473732075,971.140652626793,971.140652626793,10.4887854672226,12.3199901439228,989.503767151452,987.672775257076,190.472017368451,174.209938904238,192.129783399381,176.251940160746,-1.65776603093036,-2.04200125650823,-0.870346234493628,-1.17214968867574
"U60 | F3m","MISCAN",23123.1529467854,23112.393016769,22950.2185141631,22950.2185141631,23125.7670567301,23115.5235346112,10.1814313314832,11.3559038226848,968.89121595386,967.787544995816,27.0918916332878,27.0918916332878,952.78776498248,952.78776498248,10.0572349769398,11.2408913774198,969.018936366615,967.91099382286,175.548542566983,165.305020448082,172.934432622358,162.174502605874,2.61410994462494,3.13051784220806,1.48910945451312,1.8937826774543
"U60 | F9m","CRCSPIN",23405.9917233637,23390.2471746697,23217.8745325838,23217.8745325838,23408.3465499522,23392.084471488,10.4681455818357,12.2649859132782,989.52387508103,987.727566705397,28.8593473732075,28.8593473732075,971.140652626793,971.140652626793,10.4887854672226,12.3199901439228,989.503767151452,987.672775257076,190.472017368451,174.209938904238,188.117190779896,172.37264208596,2.35482658855472,1.83729681827754,1.23631104510198,1.05464523426961
"U60 | F9m","MISCAN",23119.871807577,23109.961601221,22950.2185141631,22950.2185141631,23125.7670567301,23115.5235346112,10.2253218746623,11.4004351037205,968.846043934968,967.737460653356,27.0918916332878,27.0918916332878,952.78776498248,952.78776498248,10.0572349769398,11.2408913774198,969.018936366615,967.91099382286,175.548542566983,165.305020448082,169.653293413943,159.743087057901,5.89524915303991,5.56193339018137,3.35818746589166,3.36464880201761
"U60 | F18m","CRCSPIN",23399.9781328174,23384.6595310971,23217.8745325838,23217.8745325838,23408.3465499522,23392.084471488,10.7361449183804,12.5015998570954,989.255237397515,987.492867802492,28.8593473732075,28.8593473732075,971.140652626793,971.140652626793,10.4887854672226,12.3199901439228,989.503767151452,987.672775257076,190.472017368451,174.209938904238,182.103600233666,166.784998513351,8.36841713478498,7.42494039088706,4.39351525247776,4.2620647464715
"U60 | F18m","MISCAN",23114.7807233482,23104.9206678218,22950.2185141631,22950.2185141631,23125.7670567301,23115.5235346112,10.4128444873691,11.5668133671586,968.648803464769,967.574820027415,27.0918916332878,27.0918916332878,952.78776498248,952.78776498248,10.0572349769398,11.2408913774198,969.018936366615,967.91099382286,175.548542566983,165.305020448082,164.562209185104,154.702153658756,10.9863333818794,10.6028667893261,6.258288004691,6.41412266886119
"C60 | C3m","CRCSPIN",23482.5413879982,23460.2310036044,23184.7621721969,23187.6123708289,23482.3369616521,23459.9674285547,5.23324813993348,7.47231272573342,994.759846297041,992.520143347361,28.8181893804977,28.8217321196182,969.755652495495,969.874868565668,5.24419080134384,7.51502622736503,994.738279692513,992.472435978624,297.574789455208,272.355057725839,297.779215801289,272.618632775509,-0.204426346081164,-0.26357504967018,-0.0686974681072351,-0.0967762639956196
"C60 | C3m","MISCAN",23163.1830549883,23144.8676734683,22923.8018805557,22926.2962629194,23164.9017119582,23147.5336858056,6.97333705244643,8.77514608263837,971.932465030648,970.233012142661,27.0607077657108,27.0636522926507,951.691067568569,951.794622878768,6.87317699902773,8.5911259631053,972.028678415295,970.409138065762,241.099831402575,221.237422886232,239.38117443263,218.571410548888,1.71865696994428,2.666012337344,0.712840386468194,1.2050458293012
"C60 | C9m","CRCSPIN",23482.5706970678,23459.5361174298,23184.6365529444,23187.7158484374,23482.2097300853,23460.0721215816,5.20017950117033,7.46915848288615,994.792914973219,992.522660038749,28.8180332383133,28.8218607401879,969.750398183231,969.879196753079,5.24416238736557,7.51505976410567,994.732890019837,992.476865010495,297.573177140952,272.356273144222,297.934144123465,271.820268992389,-0.360966982512764,0.536004151832458,-0.121303602018466,0.196802572470444
"C60 | C9m","MISCAN",23162.6314086306,23144.2726482252,22923.774983312,22926.2473482437,23164.8745318243,23147.4842991062,6.95636888125725,8.73917683975722,971.942844623246,970.260598602837,27.0606760145007,27.0635945506692,951.689950918432,951.79259216588,6.87316893450521,8.59110763340497,972.027537902376,970.407067637651,241.099548512284,221.236950862465,238.856425318547,218.025299981495,2.24312319373712,3.21165088097041,0.930372208317442,1.45167923732911
"C60 | C18m","CRCSPIN",23481.7554018164,23459.0613046393,23184.6661102931,23187.6271532878,23482.2396668005,23459.9823846442,5.22876441928705,7.49144295013206,994.764223807308,992.501438128391,28.8180699774986,28.821750493915,969.751634486876,969.87548687579,5.24416907297981,7.51503101830965,994.734158172859,992.473068695042,297.573556507428,272.355231356389,297.089291523349,271.434151351492,0.484264984079346,0.921080004896794,0.162737909162052,0.33819067851556
"C60 | C18m","MISCAN",23161.4064130883,23143.3483818265,22923.6380528683,22926.1715309089,23164.7361612222,23147.4077501385,6.9721138910868,8.71119836876919,971.924239007699,970.280005624051,27.0605143731316,27.0635050510848,951.68426619472,951.789444578029,6.87312787904763,8.59107922252402,972.021731696281,970.403858491538,241.098108353846,221.236219229599,237.76836021991,217.176850917618,3.32974813393594,4.05936831198051,1.38107600954258,1.83485702572403
"C60 | F3m","CRCSPIN",23473.5430288791,23450.9192722773,23184.9247403092,23187.5064304246,23482.5016163147,23459.8602438047,6.50827318811364,8.71574581417565,993.484927440615,991.277666561442,28.8183914493657,28.8216004378433,969.76245227824,969.870437366196,5.24422757283162,7.51499189244067,994.745254649734,992.467901534566,297.576876005482,272.353813380185,288.618288569945,263.412841852783,8.95858743553617,8.94097152740142,3.01051195771379,3.28285160263958
"C60 | F3m","MISCAN",23155.2262145662,23139.0884442903,22923.6551690843,22926.1764223347,23164.7534574571,23147.4126887663,8.12965897266736,9.70917078940699,970.871210888896,969.381665760617,27.0605345781971,27.0635108252336,951.68497678147,951.789647647585,6.873133010953,8.59108105547842,972.02245746825,970.404065532582,241.098288372712,221.236266431584,231.571045481869,212.912021955563,9.5272428908429,8.3242444760217,3.95160121423791,3.76260393934822
"C60 | F9m","CRCSPIN",23473.2324067856,23450.7409703908,23185.0602154776,23187.5384588168,23482.6388302973,23459.8926483933,6.47303927297298,8.71246403630254,993.521223723995,991.280842078063,28.8185598422537,28.8216402484855,969.768118836706,969.871777026882,5.24425821613203,7.51500227273355,994.751067188805,992.469272408632,297.578614819711,272.354189576519,288.172191307942,263.202511573982,9.40642351176939,9.15167800253766,3.16098773343249,3.36021194194498
"C60 | F9m","MISCAN",23155.447385194,23139.0449528531,22923.6087108432,22926.2375653336,23164.7065105939,23147.4744217916,8.05401642696367,9.62812135994467,970.946895992501,969.453805147622,27.0604797359466,27.0635830023024,951.683048048474,951.792186024343,6.87311908151338,8.59110396747429,972.020487518285,970.406653553089,241.097799750703,221.236856457963,231.838674350733,212.80738751946,9.2591253999708,8.4294689385024,3.8404022805454,3.81015580923519
"C60 | F18m","CRCSPIN",23472.7337508622,23450.8458416692,23184.5183243031,23187.6443995138,23482.0899839878,23459.9998334394,6.42773669896311,8.60253236163171,993.565570287268,991.390667469512,28.8178862825089,28.8217719306243,969.74545300017,969.876208238596,5.24413564507904,7.51503660775277,994.727817440081,992.473806865217,297.571659684665,272.355433925615,288.21542655912,263.201442155449,9.35623312554526,9.15399177016661,3.14419495978213,3.36104612939969
"C60 | F18m","MISCAN",23153.9313936221,23138.0384861834,22923.4864532138,22926.100605469,23164.5829671266,23147.3361402723,8.00480078983489,9.57984564844137,970.976490550952,969.489404531977,27.0603354152969,27.063421326203,951.677972472684,951.786500079208,6.87308242536312,8.59105264477326,972.015303477586,970.400856406326,241.096513912787,221.235534803247,230.444940408255,211.937880714388,10.6515735045323,9.29765408885942,4.41797076683792,4.20260429552068
"C60 | C@65","CRCSPIN",23479.3966664551,23454.7224650172,23184.9813933688,23187.639472018,23482.5589965123,23459.9948480667,5.15170496776028,7.50302846518203,994.839264595205,992.48932134648,28.8184618679703,28.8217658058469,969.764821921907,969.876002134827,5.24424038725914,7.51503501076817,994.747685339627,992.47359595934,297.577603143498,272.355376048668,294.415273086259,267.082992999174,3.16233005723916,5.27238304949424,1.06269088259113,1.93584687990594
"C60 | C@65","MISCAN",23153.6938508532,23133.9459816524,22923.7700929109,22926.3207203355,23164.8695899886,23147.5583792344,7.26250046933293,9.06329392098221,971.619864217716,969.922972829534,27.0606702415614,27.0636811637338,951.689747891415,951.795638238462,6.87316746823043,8.5911351279848,972.027330536678,970.41017328313,241.099497077768,221.23765889887,229.923757942393,207.62526131684,11.1757391353749,13.6123975820301,4.6353224584994,6.15283928142291
"C60 | U","CRCSPIN",23376.7351528549,23351.5030286804,23185.0700682789,23187.4374464957,23482.6488095586,23459.7904496104,17.8564295257749,19.8168964625094,982.143570474225,980.183103537491,28.8185720890859,28.8215146922181,969.768530952632,969.867551955748,5.24426044474966,7.51496953498417,994.751489921569,992.464948895593,297.578741279725,272.353003114695,191.665084575987,164.065582184718,105.913656703739,108.287420929977,35.5918088262156,39.7599511265071
"C60 | U","MISCAN",23040.9125465771,23023.4086486801,22923.6649497907,22926.3843098616,23164.7633410314,23147.6225823957,20.4917285249968,21.8735154986607,959.167582128353,957.834374642293,27.0605461239624,27.0637562288383,951.685382831517,951.798278183803,6.8731359434738,8.591158956763,972.022872195575,970.412864858625,241.098391240761,221.238272534098,117.247596786397,97.0243388185081,123.850794454363,124.21393371559,51.369398948285,56.1448669313965
"F60 | F3m","CRCSPIN",23456.8310614668,23434.3768301568,23189.600780789,23190.5717021154,23460.0195570541,23438.3898979758,7.72968153291288,9.96265492129245,992.263730247695,990.030437785318,28.8242036728898,28.8254105084161,969.958038355551,969.998649358477,7.47050948294485,9.58881094982404,992.534272289195,990.392911289206,270.41877626504,247.818195860389,267.230280677744,243.805128041393,3.18849558729562,4.01306781899621,1.17909548713087,1.61935962977352
"F60 | F3m","MISCAN",23156.5984997081,23141.9914287101,22925.3155635319,22926.1984337768,23156.671504578,23142.0914588786,8.20950642474764,9.69371181932182,970.805950177377,969.41075942379,27.0624946129748,27.0635368089341,951.753908740166,951.790561461658,8.2617765705152,9.70149930419356,970.768507685205,969.39785140092,231.355941046091,215.893025101828,231.282936176223,215.792994933327,0.0730048698678729,0.100030168501689,0.0315552172716104,0.0463332099100974
"F60 | F9m","CRCSPIN",23456.4955582446,23435.1351199346,23189.2410184039,23190.5347366168,23459.6555994047,23438.3525374579,7.77079047736541,9.8963291300926,992.221983845724,990.097188651059,28.8237564955382,28.8253645610507,969.942990471776,969.997103192036,7.47039358580911,9.58879566537214,992.51887415878,990.391332614551,270.414581000761,247.817800841101,267.254539840644,244.600383317778,3.16004116011754,3.21741752332309,1.16859126028735,1.29829960253181
"F60 | F9m","MISCAN",23156.2583331387,23141.5725834494,22924.9414035841,22926.3818641041,23156.2935687116,23142.2766165454,8.16702364460124,9.62210127225052,970.844828577521,969.472388344709,27.0620529308726,27.0637533417112,951.738375335977,951.798176647173,8.26164173154726,9.70157692496432,970.75266394717,969.405607460684,231.35216512745,215.894752441345,231.316929554545,215.190719345333,0.0352355729046394,0.704033096011699,0.0152302758373705,0.326100142801281
"F60 | F18m","CRCSPIN",23454.4282323727,23432.1040540286,23189.2163775531,23190.6875281075,23459.6306712118,23438.5069617032,7.88628666801334,10.1174288247681,992.106700182438,989.877682912418,28.8237258674602,28.8255544777763,969.94195981189,970.003494045246,7.47038564778072,9.5888588414222,992.517819509796,990.397857835715,270.414293658661,247.819433595665,265.211854819514,241.416525921046,5.20243883914736,6.4029076746192,1.92387716224583,2.5836987768546
"F60 | F18m","MISCAN",23155.9380957278,23141.4546304798,22925.2177427586,22926.2179995385,23156.5726966245,23142.1112088886,8.09021063285435,9.50650026184107,970.915628237535,969.572883826522,27.0623791391378,27.0635599055985,951.749847670511,951.791373742307,8.2617413180725,9.70150758368326,970.76436548154,969.398678708049,231.354953865935,215.893209350073,230.720352969191,215.236630941279,0.634600896744814,0.656578408794303,0.274297518224983,0.304121843744355
"F60 | U","CRCSPIN",23348.9916399798,23329.183032319,23189.3321900072,23190.6234540115,23459.747834179,23438.442202901,19.9712119399255,21.4726977461558,980.028788060074,978.527302253844,28.8238698199928,28.8254748349738,969.946803932399,970.000813999776,7.47042295666086,9.58883234813857,992.522776379509,990.395121442178,270.415644171851,247.818748889502,159.659449972667,138.559578307479,110.756194199184,109.259170582023,40.9577613522973,44.0883391880652
"F60 | U","MISCAN",23064.4010473232,23051.50587043,22925.0856860388,22926.32316608,23156.4393072248,23142.2173657697,18.2520185141133,19.3761145231622,961.307999278893,960.227604885191,27.0622232510211,27.0636840508455,951.744365281451,951.79573977455,8.26169372775207,9.70155208618254,970.758773562665,969.403125508056,231.353621186056,215.894199689672,139.315361284425,125.182704350031,92.0382599016302,90.7114953396413,39.7825024003461,42.016643091862
"f60 | F3m","CRCSPIN",23439.7831991762,23419.2178722105,23194.3107549231,23195.3806859876,23441.7207830061,23422.4286175478,8.84031652833202,10.9321550377578,991.152775064604,989.060085931794,28.8300580752583,28.8313879778819,970.155043785484,970.199796096931,8.62328626334465,10.6531488058746,991.366510550838,989.343875127652,247.410028082999,227.047931560184,245.472444253101,223.837186222958,1.93758382989836,3.2107453372264,0.783146845304247,1.41412666266696
"f60 | F3m","MISCAN",23145.247683145,23133.0726746314,22930.4572200087,22931.1055944569,23147.3394979703,23134.6324882744,8.92611547635078,10.2116846025223,970.111949351886,968.903145526216,27.0685641499598,27.0693295322273,951.967366724447,951.994284256449,8.85260076690032,10.1427559448566,970.191225736678,968.984024663229,216.882277961566,203.526893817536,214.790463136262,201.967080174596,2.09181482530403,1.55981364293984,0.964493201087976,0.76639190707555
"f60 | F9m","CRCSPIN",23437.9351209741,23417.8700885102,23194.1406597693,23195.2524862772,23441.5488734743,23422.2991629549,8.906997049069,10.9696141040963,991.084925488062,989.024114933351,28.8298466504303,28.8312286282408,970.147929167028,970.194433851124,8.62322302459534,10.6530899264533,991.359240378387,989.338407073476,247.408213705017,227.046676677608,243.79446120478,222.61760223292,3.61375250023775,4.42907444468801,1.46064370544561,1.95073299882606
"f60 | F9m","MISCAN",23144.7665938558,23132.0904709022,22930.5844453108,22931.0517657485,23147.4679266027,23134.578181805,8.8439006246331,10.1464666516788,970.186152227295,968.965638291209,27.068714334765,27.0692659894104,951.972648535214,951.992049535474,8.85264988388025,10.1427321356491,970.196608659078,968.981750060366,216.883481291843,203.526416056455,214.182148544918,201.03870515366,2.70133274692489,2.48771090279479,1.24552258698297,1.22230369452619
"f60 | F18m","CRCSPIN",23435.5110328741,23416.1661371478,23194.3551279822,23195.4176669366,23441.7656293856,23422.4659604848,8.95108073201196,11.0219860449895,991.041585714152,988.970786353481,28.8301132300712,28.8314339444518,970.156899790069,970.201342909622,8.62330276056223,10.653165790444,991.368407135101,989.345452462205,247.410501403359,227.048293548127,241.155904891835,220.748470211169,6.25459651152414,6.29982333695807,2.52802386157697,2.77466227052824
"f60 | F18m","MISCAN",23142.7544761677,23130.2805237168,22930.550192206,22931.005277522,23147.433349523,23134.5312809684,8.8500759050455,10.1449522783169,970.180221667487,968.959512593296,27.0686739002304,27.0692111117632,951.971226503473,951.990119557621,8.85263666002435,10.1427115732417,970.195159404864,968.979785639214,216.883157317006,203.526003446408,212.204283961684,199.2752461948,4.67887335532214,4.25075725160787,2.1573244382842,2.08855732418839
"f60 | U","CRCSPIN",23299.4007691762,23287.7906137558,23194.4734569699,23195.3461705416,23441.8852205698,23422.3937642474,23.5296680965398,24.4316624941568,976.47033190346,975.568337505843,28.8302603106042,28.8313450758821,970.161849170348,970.198352409537,8.62334675345104,10.6531329536587,991.373464728615,989.342402953274,247.411763599885,227.047593705807,104.927312206266,92.4444432142009,142.484451393619,134.603150491606,57.5900067646117,59.2841123284556
"f60 | U","MISCAN",22998.3168429852,22992.8684587877,22930.4352003882,22931.2719756985,23147.3172700824,23134.8003462463,23.9258673687083,24.3465041019784,955.861768151901,955.456292351819,27.068538156605,27.0695259391838,951.966452570841,952.001191642158,8.8525922659399,10.1428295376593,970.190294083096,968.991055321411,216.882069694228,203.528370547789,67.8816425969744,61.596483089179,149.000427097253,141.93188745861,68.7011274409739,69.7356771818128
"U70 | C3m","CRCSPIN",15848.7718936323,15835.3872609848,15725.1336924004,15725.1336924004,15851.3993274597,15837.465210458,9.77642178789789,11.6272412285618,990.215814911263,988.364631565872,25.370709745223,25.370709745223,974.629290254777,974.629290254777,9.62006405693605,11.5092147954928,990.372051340649,988.482900602093,126.265635059353,112.331518057603,123.638201231997,110.25356858448,2.62743382735607,2.07794947312323,2.08087800462968,1.84983654548109
"U70 | C3m","MISCAN",15550.329037716,15541.0435196961,15444.1705479427,15444.1705479427,15559.0473390276,15549.5793056916,9.72330196611306,11.0662880269953,966.404017695529,965.166222864502,23.3881668520616,23.3881668520616,953.584217463792,953.584217463792,8.94942118007739,10.2943574839233,967.152301542667,965.906705739785,114.876791084858,105.40875774887,106.158489773294,96.8729717534188,8.71830131156457,8.53578599545108,7.58926257360763,8.09779583569999
"U70 | C9m","CRCSPIN",15843.4048095014,15831.1946700617,15725.1336924004,15725.1336924004,15851.3993274597,15837.465210458,10.147240704539,11.9312229770415,989.844389486744,988.061498928422,25.370709745223,25.370709745223,974.629290254777,974.629290254777,9.62006405693605,11.5092147954928,990.372051340649,988.482900602093,126.265635059353,112.331518057603,118.271117101071,106.060977661336,7.99451795828281,6.27054039626637,6.33150734522885,5.58217364520159
"U70 | C9m","MISCAN",15545.5285787751,15536.9710930234,15444.1705479427,15444.1705479427,15559.0473390276,15549.5793056916,10.057402963833,11.3338369835787,966.065650541326,964.891360496805,23.3881668520616,23.3881668520616,953.584217463792,953.584217463792,8.94942118007739,10.2943574839233,967.152301542667,965.906705739785,114.876791084858,105.40875774887,101.358030832374,92.800545080725,13.5187602524838,12.6082126681449,11.7680517751385,11.961257240298
"U70 | C18m","CRCSPIN",15836.0288905768,15824.0890285359,15725.1336924004,15725.1336924004,15851.3993274597,15837.465210458,10.733855124191,12.4705297822054,989.258502876546,987.522919932712,25.370709745223,25.370709745223,974.629290254777,974.629290254777,9.62006405693605,11.5092147954928,990.372051340649,988.482900602093,126.265635059353,112.331518057603,110.895198176482,98.9553361355447,15.3704368828712,13.3761819220581,12.1730959303741,11.9077727723744
"U70 | C18m","MISCAN",15538.858090912,15530.8261831697,15444.1705479427,15444.1705479427,15559.0473390276,15549.5793056916,10.5943292297784,11.8027485261648,965.548348595203,964.435369313853,23.3881668520616,23.3881668520616,953.584217463792,953.584217463792,8.94942118007739,10.2943574839233,967.152301542667,965.906705739785,114.876791084858,105.40875774887,94.6875429693355,86.6556352270491,20.1892481155228,18.7531225218208,17.5746971384404,17.7908581054518
"U70 | C@75","CRCSPIN",15802.6539578692,15794.8051180511,15725.1336924004,15725.1336924004,15851.3993274597,15837.465210458,13.6436373199339,14.9405937663605,986.348841982378,985.053098551708,25.370709745223,25.370709745223,974.629290254777,974.629290254777,9.62006405693605,11.5092147954928,990.372051340649,988.482900602093,126.265635059353,112.331518057603,77.5202654688783,69.6714256507184,48.7453695904751,42.6600924068844,38.6054127614069,37.9769570860856
"U70 | C@75","MISCAN",15509.1362909012,15504.4099222755,15444.1705479427,15444.1705479427,15559.0473390276,15549.5793056916,13.3041918278482,14.1157366811204,962.912229559199,962.17625662077,23.3881668520616,23.3881668520616,953.584217463792,953.584217463792,8.94942118007739,10.2943574839233,967.152301542667,965.906705739785,114.876791084858,105.40875774887,64.9657429584695,60.2393743328084,49.9110481263888,45.1693834160615,43.4474602354796,42.8516419135446
"U70 | F3m","CRCSPIN",15816.7383358453,15809.3705605849,15725.1336924004,15725.1336924004,15818.763554966,15810.3553803565,14.2142399316053,15.2900636056942,985.780544100644,984.705326934433,25.370709745223,25.370709745223,974.629290254777,974.629290254777,14.0861454677607,15.2518536093769,985.909730278668,984.74353693075,93.6298625656163,85.2216879561875,91.6046434449254,84.2368681845564,2.02521912069096,0.98481977163101,2.16300554673107,1.15559758935696
"U70 | F3m","MISCAN",15527.3969793174,15523.2950439207,15444.1705479427,15444.1705479427,15534.3273206977,15529.9495820873,12.9386431623385,13.5326140349722,963.439160829955,962.88126945215,23.3881668520616,23.3881668520616,953.584217463792,953.584217463792,12.335896196368,12.9632649797553,964.020089452769,963.43672302625,90.15677275501,85.7790341446107,83.2264313747364,79.1244959779906,6.9303413802736,6.65453816662011,7.68698919503913,7.75776765614025
"U70 | F9m","CRCSPIN",15813.5181091267,15806.0437552983,15725.1336924004,15725.1336924004,15818.763554966,15810.3553803565,14.4066242305235,15.4930011416904,985.588281103301,984.502510700012,25.370709745223,25.370709745223,974.629290254777,974.629290254777,14.0861454677607,15.2518536093769,985.909730278668,984.74353693075,93.6298625656163,85.2216879561875,88.3844167263687,80.9100628979559,5.24544583924762,4.31162505823158,5.60232141275609,5.05930492769422
"U70 | F9m","MISCAN",15524.0932731976,15519.7200479979,15444.1705479427,15444.1705479427,15534.3273206977,15529.9495820873,13.1314734353749,13.7356830835682,963.242186290621,962.689901861336,23.3881668520616,23.3881668520616,953.584217463792,953.584217463792,12.335896196368,12.9632649797553,964.020089452769,963.43672302625,90.15677275501,85.7790341446107,79.9227252548899,75.5495000552164,10.2340475001201,10.2295340893943,11.3513906802431,11.925447973859
"U70 | F18m","CRCSPIN",15807.9438654049,15801.1414129379,15725.1336924004,15725.1336924004,15818.763554966,15810.3553803565,14.7986709228964,15.8026840642238,985.196477014079,984.192706475903,25.370709745223,25.370709745223,974.629290254777,974.629290254777,14.0861454677607,15.2518536093769,985.909730278668,984.74353693075,93.6298625656163,85.2216879561875,82.8101730045964,76.0077205375292,10.8196895610199,9.21396741865829,11.5558105763932,10.8117635775945
"U70 | F18m","MISCAN",15518.7305959845,15515.3216788276,15444.1705479427,15444.1705479427,15534.3273206977,15529.9495820873,13.4915370425492,14.0162742899714,962.889679874931,962.398340538262,23.3881668520616,23.3881668520616,953.584217463792,953.584217463792,12.335896196368,12.9632649797553,964.020089452769,963.43672302625,90.15677275501,85.7790341446107,74.5600480417961,71.1511308849513,15.5967247132139,14.6279032596594,17.2995596854338,17.0530053241203
"C70 | C3m","CRCSPIN",15905.0889667819,15889.4894208316,15621.1150306855,15629.2283273535,15905.1528824142,15889.1465417859,5.34859752800733,7.30327061187391,994.648269493064,992.69142467005,25.2028874979801,25.2159773768241,968.182309489877,968.685164138225,5.378722325403,7.31207162140999,994.610914744293,992.660560855786,284.037851728637,259.918214432431,283.973936096407,260.261093478144,0.0639156322304189,-0.342879045712834,0.0225025051560671,-0.131918052169433
"C70 | C3m","MISCAN",15596.3970438841,15583.7501084798,15365.9781336657,15373.0066640185,15597.007672862,15585.1795645009,5.82147100833946,7.35384400353114,970.17761895857,968.746253981396,23.2697547155213,23.2803985011558,948.756308321734,949.190277604548,5.75913665218909,7.25289866009616,970.224066543017,968.852537780493,231.029539196301,212.172900482448,230.418910218388,210.74344446137,0.610628977912711,1.42945602107829,0.264307750444792,0.67372224154354
"C70 | C9m","CRCSPIN",15905.142467461,15889.8596006928,15620.9625633058,15629.3055835229,15904.9976427287,15889.2250827459,5.33288058213072,7.25351445337865,994.663624975479,992.742748113139,25.2026415092521,25.2161020208423,968.172859702235,968.689952404387,5.37866982724923,7.31210776539817,994.601207004501,992.665467633705,284.035079422893,259.919499223031,284.17990415512,260.55401716993,-0.144824732227789,-0.634517946898995,-0.0509883259920031,-0.244120948522807
"C70 | C9m","MISCAN",15596.1666556509,15583.3468749992,15366.1533027156,15373.0178551331,15597.185475602,15585.1909100715,5.83220952343993,7.36768082029799,970.161634585533,968.721480189826,23.2700199860292,23.2804154486284,948.767123952189,949.190968588261,5.75920230518473,7.25290394000154,970.235126901583,968.853243077777,231.032172886426,212.173054938332,230.013352935324,210.329019866109,1.01881995110125,1.84403507222305,0.440986178839299,0.869118405614237
"C70 | C18m","CRCSPIN",15904.6644604509,15888.8801181754,15620.9437403789,15629.3677658725,15904.9784775456,15889.2882992045,5.36191414237691,7.3141864256117,994.633145445024,992.680629371835,25.2026111406063,25.2162023449715,968.171693074578,968.693806409097,5.37866334606674,7.31213685716039,994.600008531249,992.669417026778,284.03473716667,259.920533332001,283.720720071928,259.512352302903,0.314017094742667,0.40818102909725,0.110555877029366,0.157040701580846
"C70 | C18m","MISCAN",15595.207249432,15582.6135661096,15365.9930415145,15372.8574507132,15597.0228048523,15585.0282918054,5.84282073664727,7.3932040177798,970.152486476221,968.697298427937,23.2697772914992,23.2801725372123,948.757228791321,949.181064584495,5.7591422396198,7.25282826209233,970.225007840311,968.843133914831,231.029763337809,212.170841092218,229.214207917545,209.756115396394,1.81555542026399,2.41472569582402,0.785853473610372,1.13810440840666
"C70 | C@75","CRCSPIN",15905.2071892583,15889.2159179339,15621.2675010415,15629.243401668,15905.30812513,15889.1618667903,5.38612534689043,7.31883013974932,994.608693137384,992.677553003528,25.2031334915102,25.2160016975114,968.19175946199,968.686098430344,5.37877482458159,7.31207867386742,994.62062267359,992.661518272059,284.0406240885,259.918465122282,283.93968821682,259.97251626592,0.100935871680122,-0.05405114363748,0.0355357167672862,-0.0207954227538435
"C70 | C@75","MISCAN",15591.5976937872,15577.7657609276,15365.8924140967,15373.0290462641,15596.9206644878,15585.2022556585,6.0611940479511,7.69066322157826,969.930510920579,968.406852063413,23.269624904498,23.2804323961256,948.751015656265,949.191659572981,5.75910452467287,7.2529092199146,970.218654119017,968.853948376088,231.0282503911,212.173209394434,225.705279690515,204.736714663495,5.32297070058485,7.43649473093865,2.30403454624002,3.50491692714798
"C70 | F3m","CRCSPIN",15900.4518548003,15884.625475567,15621.0115031281,15629.3828404561,15905.047472421,15889.3036244824,6.10420749051738,8.03214594484654,993.892900548099,991.965201669894,25.2027204680736,25.2162266660928,968.175892947302,968.694740717887,5.37868667839678,7.31214390974367,994.604323048474,992.670374460134,284.035969292905,259.92078402633,279.440351672203,255.242635110988,4.59561762070189,4.67814891534181,1.61797029867114,1.79983641280026
"C70 | F3m","MISCAN",15590.9413928005,15578.879232645,15365.9911780318,15372.9693604206,15597.0209133519,15585.1417460517,6.62430433162294,8.06796419943257,969.441222957448,968.096617077387,23.2697744694996,23.2803420097587,948.757113732525,949.187974332767,5.75914154119037,7.25288106046708,970.22489017805,968.850186796963,231.029735320099,212.172385631142,224.950214768718,205.909872224376,6.07952055138048,6.26251340676572,2.63148834194747,2.95161568181309
"C70 | F9m","CRCSPIN",15900.9899635703,15885.706841204,15620.9682101928,15629.3922620855,15905.0033922927,15889.313202796,6.04767698423247,7.91580745407513,993.94979255657,992.081299032988,25.2026506198601,25.2162418668174,968.173209691081,968.695324661796,5.37867177160702,7.31214831761513,994.60156654704,992.670972856919,284.035182099913,259.920940710526,280.021753377589,256.314579118505,4.01342872232453,3.60636159202113,1.41300408373803,1.38748404886605
"C70 | F9m","MISCAN",15590.4674623576,15578.1540848885,15366.1756650094,15373.3237519101,15597.2081741159,15585.5010287295,6.62050307625215,8.06548090649818,969.444130477914,968.091392363473,23.2700538507847,23.2808786891006,948.76850468872,949.209855866004,5.75921068652595,7.25304826039194,970.236538880402,968.872521601172,231.032509106513,212.177276819437,224.291797348156,204.830332978479,6.74071175835707,7.34694384095746,2.91764643184885,3.46264404515368
"C70 | F18m","CRCSPIN",15900.8264417438,15884.7867390084,15621.2147949028,15629.3074678292,15905.2544606386,15889.2269983888,6.04102445209271,7.93059368173532,993.954637549378,992.065186634792,25.2030484561666,25.2161050609557,968.188492784101,968.690069191958,5.37875667660149,7.31210864696332,994.617266824746,992.665587311822,284.039665735756,259.919530559551,279.611646840962,255.47927117918,4.42801889479415,4.44025938037157,1.55894384797424,1.70832079098198
"C70 | F18m","MISCAN",15590.173815791,15578.1507432699,15365.9613623704,15372.8630461599,15596.9906494081,15585.0339644785,6.60573671912813,8.05541168147528,969.456562642382,968.097687002232,23.2697293175984,23.280181010781,948.755272795582,949.18141006952,5.75913036634249,7.25283090199281,970.223007585743,968.843486556499,231.029287037636,212.170918318627,224.212453420581,205.287697110021,6.81683361705473,6.88322120860539,2.95063613122964,3.24418693341778
"C70 | U","CRCSPIN",15867.3132832518,15849.6191389686,15621.0416200942,15629.2207902071,15905.0781370021,15889.1388792948,11.1778137934774,13.1711263852089,988.822186206522,986.828873614791,25.2027690583635,25.2159652164981,968.177759569097,968.684696992841,5.37869704838622,7.31206809518637,994.606240623701,992.660082148342,284.036516907996,259.918089087689,246.271663157642,220.398348761457,37.7648537503537,39.5197403262318,13.2957741354737,15.2046902410471
"C70 | U","MISCAN",15515.4109445787,15505.3712061781,15371.7179296293,15378.2682843273,15602.8337674266,15590.5138038665,16.2019465531936,17.2778782182486,960.458340789358,959.433633877978,23.2784468822696,23.2883665337098,949.110706042564,949.515150867845,5.76128791578079,7.25538106316292,970.586483314175,969.184140719365,231.115837797342,212.245519539118,143.693014949455,127.102921850785,87.4228228478878,85.1425976883329,37.8264093370121,40.1151448912639
"F70 | F3m","CRCSPIN",15887.9309477936,15871.4071562923,15631.1486522333,15637.7801321668,15888.4095188385,15871.8645449359,7.55906685296553,9.60003821486865,992.437557002582,990.397307974809,25.2190756020027,25.2297747385484,968.804184104051,969.21519711719,7.52759636360304,9.55974854905936,992.468906915357,990.455571174168,257.260866605222,234.084412769094,256.782295560291,233.627024125482,0.478571044930504,0.457388643611921,0.186025589995735,0.195394745938551
"F70 | F3m","MISCAN",15588.2465685286,15577.4219852082,15366.9621137357,15371.609767831,15588.4945020973,15577.4243724336,7.24240618260576,8.56319665823631,968.892072915007,967.644983223608,23.2712448240373,23.2782830854392,948.817063145835,949.104027705038,7.2368272643192,8.56307534072327,968.905292525729,967.65226227439,221.532388361602,205.814604602567,221.284454792938,205.812217377206,0.247933568663939,0.00238722536050773,0.111917526144865,0.0011598911384921
"F70 | F9m","CRCSPIN",15887.9357935357,15871.5471543035,15631.3371295624,15638.097045407,15888.6010981687,15872.1862021007,7.58255013876121,9.58032878722391,992.413832519994,990.416172937365,25.2193796886772,25.2302860419173,968.815865755161,969.234839107679,7.5276871298857,9.55994228569354,992.48087391106,990.475643619345,257.263968606369,234.089156693688,256.598663973371,233.450108896477,0.665304632997504,0.639047797210878,0.258607778073837,0.272993335631983
"F70 | F9m","MISCAN",15587.8243525248,15577.7267501345,15367.0161617465,15371.7067404072,15588.5493292722,15577.5226434015,7.21938821609458,8.49227948674118,968.904698035741,967.710776253791,23.2713266726474,23.278429937663,948.820400283944,949.110015175703,7.23685271737331,8.56312936131629,968.908700317284,967.65836675753,221.533167525678,205.815902994391,220.808190778325,206.020009727301,0.724976747353139,-0.204106732910077,0.32725426871762,-0.0991695636442824
"F70 | F18m","CRCSPIN",15887.8119391961,15871.2663815362,15631.633048139,15637.9480191287,15888.901887038,15872.0349450243,7.5451932040447,9.56853647303374,992.451792287852,990.4292922043,25.2198571195507,25.2300456050137,968.834206515751,969.225602596323,7.52782963736553,9.55985118236963,992.499662676543,990.466204689623,257.268838899085,234.086925895679,256.178891057119,233.318362407497,1.08994784196511,0.768563488181826,0.423661041356296,0.328323969927452
"F70 | F18m","MISCAN",15588.1013430915,15577.421059774,15366.8614736252,15371.6806322855,15588.3924111442,15577.4961857113,7.12022975290405,8.42517616900578,968.998154117821,967.773673856986,23.2710924178146,23.2783904003436,948.810849227082,949.108403156939,7.23677986945417,8.56311481724342,968.89894704671,967.656723235262,221.53093751895,205.815553425751,221.239869466299,205.740427488496,0.291068052651099,0.0751259372555069,0.131389347199508,0.0365015840664388
"F70 | U","CRCSPIN",15855.3558206713,15838.7277356436,15631.1920016165,15638.0027246477,15888.4535816754,15872.090469439,12.5507312327145,14.4071381758582,987.449268767285,985.592861824142,25.2191455412885,25.2301338661295,968.806870858861,969.228993193965,7.52761723965423,9.55988462516024,992.471659298814,990.469669592293,257.261580058861,234.087744791266,224.163819054847,200.725010995857,33.0977610040136,33.3627337954094,12.8654115381088,14.2522342744421
"F70 | U","MISCAN",15558.9345517725,15548.365081983,15366.8018356633,15371.5500930077,15588.3319134326,15577.3638986081,11.515494920084,12.721426348727,964.929951347489,963.792928793569,23.2710021039579,23.2781927157608,948.807166943265,949.100343145253,7.23675178390115,8.56304209762019,968.895186802066,967.648505707664,221.530077769314,205.813805600357,192.132716109276,176.814988975313,29.3973616600379,28.9988166250441,13.2701446034115,14.0898306313587
